,User,Tweet,Tech,Likes,Retweet
0,_reactdev,"RT @SmritiRastogi7: Inspired by a lot of fellow developers , I am planning to start my 100 days of code today. #100daysofcoding #react #Jav‚Ä¶","#Javascript , #Typescript",146,4
1,FrontEndLoveBot,"RT @echojobs_io: üê¨ Dropbox is hiring Front End Product Software Engineer 

üõñ #remote #wfh 
üí™ #Frontend #javascript #typescript #react #reac‚Ä¶","#Javascript , #Typescript",53,3
2,whosehiringbot,"RT @echojobs_io: üê¨ Dropbox is hiring Front End Product Software Engineer 

üõñ #remote #wfh 
üí™ #Frontend #javascript #typescript #react #reac‚Ä¶","#Javascript , #Typescript",3,3
3,whosehiringbot,"RT @echojobs_io: üî• Dropbox is hiring Senior Front End Product Software Engineer 

üõñ #remote #wfh 
üí™ #Frontend #javascript #react #reactjs #‚Ä¶","#Javascript , #Typescript",3,3
4,FrontEndLoveBot,"RT @echojobs_io: üî• Dropbox is hiring Senior Front End Product Software Engineer 

üõñ #remote #wfh 
üí™ #Frontend #javascript #react #reactjs #‚Ä¶","#Javascript , #Typescript",53,3
5,rahul05ranjan,"RT @echojobs_io: üê¨ Dropbox is hiring Front End Product Software Engineer 

üõñ #remote #wfh 
üí™ #Frontend #javascript #typescript #react #reac‚Ä¶","#Javascript , #Typescript",490664,3
6,rahul05ranjan,"RT @echojobs_io: üî• Dropbox is hiring Senior Front End Product Software Engineer 

üõñ #remote #wfh 
üí™ #Frontend #javascript #react #reactjs #‚Ä¶","#Javascript , #Typescript",490664,3
7,echojobs_io,"üê¨ Dropbox is hiring Front End Product Software Engineer 

üõñ #remote #wfh 
üí™ #Frontend #javascript #typescript #react #reactjs #angular 

#tech #softwareengineer #jobs 
https://t.co/MQoILcKbly","#Javascript , #Typescript",82,3
8,echojobs_io,"üî• Dropbox is hiring Senior Front End Product Software Engineer 

üõñ #remote #wfh 
üí™ #Frontend #javascript #react #reactjs #angular #typescript 

#tech #softwareengineer #jobs 
https://t.co/wHYG0iT63D","#Javascript , #Typescript",82,3
9,dev_bot9190,"RT @SmritiRastogi7: Inspired by a lot of fellow developers , I am planning to start my 100 days of code today. #100daysofcoding #react #Jav‚Ä¶","#Javascript , #Typescript",6,4
10,rahul05ranjan,"RT @SmritiRastogi7: Inspired by a lot of fellow developers , I am planning to start my 100 days of code today. #100daysofcoding #react #Jav‚Ä¶","#Javascript , #Typescript",490664,4
11,SmritiRastogi7,"Inspired by a lot of fellow developers , I am planning to start my 100 days of code today. #100daysofcoding #react #Javascript #css #redux #TypeScript.","#Javascript , #Typescript",40,4
12,o_fabriciosouza,"RT @echojobs_io: üöÄ Snowflake is hiring Senior Frontend Engineer  

üåá Warsaw, Poland, Poland 
üí™ #Frontend #javascript #typescript #react #re‚Ä¶","#Javascript , #Typescript",53,2
13,o_fabriciosouza,"RT @echojobs_io: üëã Snowflake is hiring Senior Frontend Software Engineer 

üåá San Mateo, CA, US 
üí™ #Frontend #javascript #angular #react #re‚Ä¶","#Javascript , #Typescript",53,4
14,whosehiringbot,"RT @echojobs_io: üëã Snowflake is hiring Senior Frontend Software Engineer 

üåá San Mateo, CA, US 
üí™ #Frontend #javascript #angular #react #re‚Ä¶","#Javascript , #Typescript",3,4
15,whosehiringbot,"RT @echojobs_io: üëã Snowflake is hiring Senior Frontend Software Engineer 

üåá San Mateo, CA, US 
üí™ #Frontend #javascript #angular #react #re‚Ä¶","#Javascript , #Typescript",3,4
16,rahul05ranjan,"RT @echojobs_io: üöÄ Snowflake is hiring Senior Frontend Engineer  

üåá Warsaw, Poland, Poland 
üí™ #Frontend #javascript #typescript #react #re‚Ä¶","#Javascript , #Typescript",490664,2
17,rahul05ranjan,"RT @echojobs_io: üëã Snowflake is hiring Senior Frontend Software Engineer 

üåá San Mateo, CA, US 
üí™ #Frontend #javascript #angular #react #re‚Ä¶","#Javascript , #Typescript",490664,4
18,echojobs_io,"üöÄ Snowflake is hiring Senior Frontend Engineer  

üåá Warsaw, Poland, Poland 
üí™ #Frontend #javascript #typescript #react #reactjs #api 

#tech #softwareengineer #jobs 
https://t.co/UEf3vGck5s","#Javascript , #Typescript",82,2
19,echojobs_io,"üëã Snowflake is hiring Senior Frontend Software Engineer 

üåá San Mateo, CA, US 
üí™ #Frontend #javascript #angular #react #reactjs #typescript 

#tech #softwareengineer #jobs 
https://t.co/vuy5LwuMRb","#Javascript , #Typescript",82,4
20,TheAngularBot,"RT @bhargavbachina: Learn how to implement NGRX Store for Angular Applications 

#angular #programming #softwaredevelopment #SoftwareEngine‚Ä¶","#Javascript , #Typescript",10,3
21,mahnzu,"RT @moriohdotcom: 3 Billion DevicesüòÇ

#java #javascript #typescript #react #reactnative #vuejs #webdevelopment #webdeveloper #angular #webd‚Ä¶","#Javascript , #Typescript",701,5
22,first_issues,Replace all hardcoded interface method string such as `CollectionsWrite` with `DwnMethodName` constants https://t.co/G3QojyhhJa #github #TypeScript #JavaScript,"#Javascript , #Typescript",8,0
23,first_issues,Automatic version bump to `package.json` every time a PR is merged into `main` unless an override is given https://t.co/d6I1RCgvcy #github #TypeScript #JavaScript,"#Javascript , #Typescript",8,0
24,OpamagoAnane,"RT @_SeanGroff: I was laid off from my job this morning along with many other engineers.
I'm a senior frontend engineer/lead/manager/archit‚Ä¶","#Javascript , #Typescript",1583,51
25,ServerlessFan,RT @PulumiCorp: Try our #serverless component to quickly deploy an API Gateway REST API configured with a #Lambda handler. Available in #Ty‚Ä¶,"#Javascript , #Typescript",36,1
26,PulumiCorp,"Try our #serverless component to quickly deploy an API Gateway REST API configured with a #Lambda handler. Available in #TypeScript, #JavaScript, #Python, #Golang, and #Csharp!  üëâhttps://t.co/MJ7uSNP4Qt https://t.co/v41DWiXVUf","#Javascript , #Typescript",5731,1
27,first_issues,Show user role in profile https://t.co/c6IHRAj4iX #github #TypeScript #JavaScript #CSS #HTML #SCSS #Handlebars #Shell #CSS #JavaScript #Kotlin #Shell #Java #CSS #Objective-C #Ruby,"#Javascript , #Typescript",8,0
28,first_issues,Customize export filter: field names with a dash are not interpreted properly https://t.co/dSoVjgZ3Ti #github #TypeScript #JavaScript #CSS #HTML #SCSS #Handlebars #Shell #CSS,"#Javascript , #Typescript",8,0
29,first_issues,Setup Database https://t.co/Cb5wX53vsF #github #TypeScript #JavaScript #CSS #HTML #SCSS #Handlebars #Shell,"#Javascript , #Typescript",8,0
30,first_issues,"Bug - Card - set default component to ""div"" to match core https://t.co/l7FaoXxZER #github #TypeScript #JavaScript #CSS #HTML #SCSS #Handlebars #Shell","#Javascript , #Typescript",8,0
31,first_issues,Not able to buy the NFT. Even not showing the metamask pop-up for the transaction. https://t.co/CPrRj9AIch #github #EJS #CSS #JavaScript #JavaScript #TypeScript #CSS,"#Javascript , #Typescript",8,0
32,alljstweet,RT @first_issues: Increase code coverage (even if just by a little bit) https://t.co/aut1qeHRrn #github #TypeScript #JavaScript,"#Javascript , #Typescript",17,1
33,first_issues,Increase code coverage (even if just by a little bit) https://t.co/aut1qeHRrn #github #TypeScript #JavaScript,"#Javascript , #Typescript",8,1
34,rahul05ranjan,"RT @bhargavbachina: Learn how to implement NGRX Store for Angular Applications 

#angular #programming #softwaredevelopment #SoftwareEngine‚Ä¶","#Javascript , #Typescript",490664,3
35,alljstweet,"RT @bhargavbachina: Learn how to implement NGRX Store for Angular Applications 

#angular #programming #softwaredevelopment #SoftwareEngine‚Ä¶","#Javascript , #Typescript",17,3
36,bhargavbachina,"Learn how to implement NGRX Store for Angular Applications 

#angular #programming #softwaredevelopment #SoftwareEngineering #javascript #typescript https://t.co/ndcSRJe6U1","#Javascript , #Typescript",21,3
37,first_issues,Better schema validation for the coupling between `published` and `datePublished` properties in `CollectionsWrite` https://t.co/EfmlG3z7qq #github #TypeScript #JavaScript,"#Javascript , #Typescript",8,0
38,MikeJudeLarocca,"I solved Dylan Israel's 100 Algorithms Challenge:

""Fancy Ride""

Link to my solution:
https://t.co/2gNd4f0kA9

Be sure to check out the course!
https://t.co/WYQe80EEvE

#100DaysOfCode #javascript #TypeScript #algorithms @PizzaPokerGuy https://t.co/0EUT5p5SkH","#Javascript , #Typescript",6008,0
39,rahul05ranjan,RT @spot_code: What is Deno and Will it replace Node.js? https://t.co/1GWCj1tLzO #programming #LearnProgramming #Developer #code #coding #c‚Ä¶,"#Javascript , #Typescript",490664,3
40,spot_code,What is Deno and Will it replace Node.js? https://t.co/1GWCj1tLzO #programming #LearnProgramming #Developer #code #coding #coder #tutorials #webdev #womenwhocode #100DaysOfCode #301DaysOfCode #deno #javascript #typescript,"#Javascript , #Typescript",27,3
41,first_issues,replace contants imports form dc-node to jsonrpc-client package https://t.co/eNmEBnOFIV #github #TypeScript #JavaScript #Vue #Shell #TypeScript #SCSS #JavaScript #Shell #CSS,"#Javascript , #Typescript",8,0
42,first_issues,Document `query` option for `useFetch` https://t.co/YVMMaFkPMv #github #TypeScript #JavaScript #Vue #Shell,"#Javascript , #Typescript",8,0
43,The_OCaml_Bot,RT @first_issues: Add support for (de)serializing binary data https://t.co/M4HuPqyfsT #github #F# #C# #Rich Text Format #Visual Basic .NET‚Ä¶,"#Javascript , #Typescript",0,1
44,UtibeAbasiJacob,RT @first_issues: Feature: Include i18n support early  https://t.co/xXGUqLiGdN #github #TypeScript #JavaScript #HTML #CSS #Less #Java #Obje‚Ä¶,"#Javascript , #Typescript",2066,1
45,AaronCuddeback,"RT @bukmedianet: #Java Programming for Complete Beginners #udemycoupon 

-&gt; https://t.co/MUScemrssU

#100DaysOfCode #React #javascript #Wor‚Ä¶","#Javascript , #Typescript",34269,3
46,first_issues,Feature: Include i18n support early  https://t.co/xXGUqLiGdN #github #TypeScript #JavaScript #HTML #CSS #Less #Java #Objective-C #SCSS #Ruby #Starlark,"#Javascript , #Typescript",8,1
47,edisonjscode,"RT @bukmedianet: #Java Programming for Complete Beginners #udemycoupon 

-&gt; https://t.co/MUScemrssU

#100DaysOfCode #React #javascript #Wor‚Ä¶","#Javascript , #Typescript",306,3
48,rahul05ranjan,"RT @bukmedianet: #Java Programming for Complete Beginners #udemycoupon 

-&gt; https://t.co/MUScemrssU

#100DaysOfCode #React #javascript #Wor‚Ä¶","#Javascript , #Typescript",490664,3
49,bukmedianet,"#Java Programming for Complete Beginners #udemycoupon 

-&gt; https://t.co/MUScemrssU

#100DaysOfCode #React #javascript #WordPress #VueJS #Angular #Python #CSS #webdevelopment #Nodejs #PHP #Django #HTML5 #MERNStack #Typescript #Laravel #Free #discount #udemy","#Javascript , #Typescript",0,3
50,wpbot_rt,"RT @Dailycodinghab1: Javascript Code quiz 
What is the Output? 

#js #javascript #react #angular #vue #nodejs #typescript #webdeveloper #we‚Ä¶","#Javascript , #Typescript",17,20
51,NabongoSharon,"RT @Dailycodinghab1: Javascript Code quiz 
What is the Output? 

#js #javascript #react #angular #vue #nodejs #typescript #webdeveloper #we‚Ä¶","#Javascript , #Typescript",218,20
52,TheAngularBot,"RT @MarkoLohert: JavaScript Day 2022

- A free online event by @jetbrains
- Topics: #JavaScript , #TypeScript , #Angular ‚Ä¶

https://t.co/Ps‚Ä¶","#Javascript , #Typescript",10,1
53,php_synopsis,"RT @FreeCodeCoupon2: NodeJS - The Complete Guide (MVC, REST APIs, GraphQL, Deno) | #udemy 

Preview this course =&gt; https://t.co/uTJS23Bjzm‚Ä¶","#Javascript , #Typescript",34769,7
54,VuePackage,"RT @FreeCodeCoupon2: NodeJS - The Complete Guide (MVC, REST APIs, GraphQL, Deno) | #udemy 

Preview this course =&gt; https://t.co/uTJS23Bjzm‚Ä¶","#Javascript , #Typescript",30665,7
55,html_css_bot,RT @first_issues: Define Sass Variables for the standard colours to be used and fonts https://t.co/8zHJTHwrq8 #github #TypeScript #JavaScri‚Ä¶,"#Javascript , #Typescript",41,1
56,html_css_bot,RT @first_issues: [CONTENT] Replace (very old!) video with more recent one https://t.co/nJzLq6Kx7p #github #Python #C# #HTML #TypeScript #D‚Ä¶,"#Javascript , #Typescript",41,1
57,Bernanacatl,"RT @KnuthNode: Knuth: Mega release week and about the future

https://t.co/PbsnoSgkvA

#Bitcoin $Cash #BCH #BitcoinCash #cpp #python #cshar‚Ä¶","#Javascript , #Typescript",22048,7
58,first_issues,Define Sass Variables for the standard colours to be used and fonts https://t.co/8zHJTHwrq8 #github #TypeScript #JavaScript #HTML #CSS,"#Javascript , #Typescript",8,1
59,saiprasad2595,"RT @_SeanGroff: I was laid off from my job this morning along with many other engineers.
I'm a senior frontend engineer/lead/manager/archit‚Ä¶","#Javascript , #Typescript",41376,51
60,first_issues,[CONTENT] Replace (very old!) video with more recent one https://t.co/nJzLq6Kx7p #github #Python #C# #HTML #TypeScript #Dafny #CSS #Shell #JavaScript #Dockerfile #Procfile,"#Javascript , #Typescript",8,1
61,first_issues,Add support for (de)serializing binary data https://t.co/M4HuPqyfsT #github #F# #C# #Rich Text Format #Visual Basic .NET #PowerShell #Perl #Shell #HTML #GLSL #Batchfile #OCaml #CMake #Jupyter Notebook #JavaScript #Standard ML #Dockerfile #C++ #Forth #C #TypeScript #CSS #H‚Ä¶,"#Javascript , #Typescript",8,1
62,first_issues,Ellipsis in `Text` properties panel label is added when it's not needed https://t.co/mSkdGKvtCj #github #JavaScript #CSS #Shell #TypeScript,"#Javascript , #Typescript",8,0
63,alljstweet,"RT @FreeCodeCoupon2: NodeJS - The Complete Guide (MVC, REST APIs, GraphQL, Deno) | #udemy 

Preview this course =&gt; https://t.co/uTJS23Bjzm‚Ä¶","#Javascript , #Typescript",17,7
64,DevHighlights,"RT @FreeCodeCoupon2: NodeJS - The Complete Guide (MVC, REST APIs, GraphQL, Deno) | #udemy 

Preview this course =&gt; https://t.co/uTJS23Bjzm‚Ä¶","#Javascript , #Typescript",80185,7
65,1000dayscodingb,"RT @FreeCodeCoupon2: NodeJS - The Complete Guide (MVC, REST APIs, GraphQL, Deno) | #udemy 

Preview this course =&gt; https://t.co/uTJS23Bjzm‚Ä¶","#Javascript , #Typescript",108,7
66,_reactdev,RT @TSTrendss: Cleaner and Better way for calling APIs with Axios in your React-typescript applications #reactjs #javascript #frontend #web‚Ä¶,"#Javascript , #Typescript",146,9
67,Giando_Riceputi,RT @TSTrendss: Cleaner and Better way for calling APIs with Axios in your React-typescript applications #reactjs #javascript #frontend #web‚Ä¶,"#Javascript , #Typescript",8866,9
68,dev_bot9190,"RT @MikeJudeLarocca: I solved Dylan Israel's 100 Algorithms Challenge:

""Factorialize A Number""

Link to my solution:
https://t.co/9iRicsv2‚Ä¶","#Javascript , #Typescript",6,1
69,MikeJudeLarocca,"I solved Dylan Israel's 100 Algorithms Challenge:

""Factorialize A Number""

Link to my solution:
https://t.co/9iRicsv2dq

Be sure to check out the course!
https://t.co/WYQe80EEvE

#100DaysOfCode #javascript #TypeScript #algorithms @PizzaPokerGuy https://t.co/e4ORPiwEcY","#Javascript , #Typescript",6008,1
70,ubay_dah17,"RT @strapijs: #TypeScript vs. #JavaScript: Which One Should You Use With Strapi? ü§î

@ubay_dah17 explains the differences between both and w‚Ä¶","#Javascript , #Typescript",10353,1
71,MarkoLohert,"JavaScript Day 2022

- A free online event by @jetbrains
- Topics: #JavaScript , #TypeScript , #Angular ‚Ä¶

https://t.co/PsMFCXbHi1

#JavaScriptDay2022","#Javascript , #Typescript",43722,1
72,AaronCuddeback,RT @relevant_jobs: Front End Developer  - BitStarz Casino https://t.co/RszwSWZki8 #relevantjobs #job #jobs #hiring  #js #javascript #typesc‚Ä¶,"#Javascript , #Typescript",34269,4
73,jobsviatweet,RT @relevant_jobs: Front End Developer  - BitStarz Casino https://t.co/RszwSWZki8 #relevantjobs #job #jobs #hiring  #js #javascript #typesc‚Ä¶,"#Javascript , #Typescript",130,4
74,first_issues,Implement Vertical Scroll Text https://t.co/s3PEy68hjl #github #C# #TypeScript #JavaScript #CSS,"#Javascript , #Typescript",8,0
75,o_fabriciosouza,RT @relevant_jobs: Front End Developer  - BitStarz Casino https://t.co/RszwSWZki8 #relevantjobs #job #jobs #hiring  #js #javascript #typesc‚Ä¶,"#Javascript , #Typescript",53,4
76,_reactdev,RT @relevant_jobs: Front End Developer  - BitStarz Casino https://t.co/RszwSWZki8 #relevantjobs #job #jobs #hiring  #js #javascript #typesc‚Ä¶,"#Javascript , #Typescript",146,4
77,relevant_jobs,Front End Developer  - BitStarz Casino https://t.co/RszwSWZki8 #relevantjobs #job #jobs #hiring  #js #javascript #typescript #reactjs #php #nodejs #aspnet #java #javaspring,"#Javascript , #Typescript",3,4
78,first_issues,Move the DesktopIcon component to an IconButton package https://t.co/r3HK8UUIFu #github #TypeScript #JavaScript #CSS #HTML #Shell,"#Javascript , #Typescript",8,0
79,first_issues,Verify - Update director rules https://t.co/DXtXYuq459 #github #JavaScript #Groovy #TypeScript #Vue #SCSS #HTML #Shell,"#Javascript , #Typescript",8,0
80,jsfairy,"RT @jobboardsrch: üì¢ Drops is hiring a Senior Backend Engineer!

üåé Europe Only
‚è∞ Full-Time

 Apply ‚Üí https://t.co/sTD6CQRzry

#remotejob #re‚Ä¶","#Javascript , #Typescript",47,2
81,jobboardsrch,"üì¢ Drops is hiring a Senior Backend Engineer!

üåé Europe Only
‚è∞ Full-Time

 Apply ‚Üí https://t.co/sTD6CQRzry

#remotejob #remotework #wfh #javascript #backend #frontend #aws #android #typescript","#Javascript , #Typescript",118,2
82,BCHArgentina,"RT @KnuthNode: Knuth: Mega release week and about the future

https://t.co/PbsnoSgkvA

#Bitcoin $Cash #BCH #BitcoinCash #cpp #python #cshar‚Ä¶","#Javascript , #Typescript",3202,7
83,IanBlas27,"RT @KnuthNode: Knuth: Mega release week and about the future

https://t.co/PbsnoSgkvA

#Bitcoin $Cash #BCH #BitcoinCash #cpp #python #cshar‚Ä¶","#Javascript , #Typescript",19268,7
84,edisonjscode,RT @first_issues: Long items in user menu overflow https://t.co/eTKXjXtUPJ #github #TypeScript #HTML #SCSS #JavaScript #Dockerfile,"#Javascript , #Typescript",306,1
85,first_issues,Long items in user menu overflow https://t.co/eTKXjXtUPJ #github #TypeScript #HTML #SCSS #JavaScript #Dockerfile,"#Javascript , #Typescript",8,1
86,pythonalways,RT @first_issues: [FEATURE] Try /api when people enter just a hostname into the server field. https://t.co/h4k9i4hZ7k #github #Dart #TypeSc‚Ä¶,"#Javascript , #Typescript",2327,3
87,JohnM19018119,"RT @tpotjj: Day 21/22 of #100DaysOfCode, #Github learned about security and artifacts

#Terraform #S3 #AWS #javascript #php #laravel #types‚Ä¶","#Javascript , #Typescript",82398,7
88,NicklasGellner,RT @PerettiAdrien: Just released the first version of the auth plugin for @medusajs It includes @Google auth for now and I planned to inclu‚Ä¶,"#Javascript , #Typescript",624,3
89,LetsCode15,"RT @MikeJudeLarocca: I solved Dylan Israel's 100 Algorithms Challenge:

""Extract Matrix Column""

Link to my solution:
https://t.co/i4ASdawr‚Ä¶","#Javascript , #Typescript",198,1
90,MikeJudeLarocca,"I solved Dylan Israel's 100 Algorithms Challenge:

""Extract Matrix Column""

Link to my solution:
https://t.co/i4ASdawrDC

Be sure to check out the course!
https://t.co/WYQe80EEvE

#100DaysOfCode #javascript #TypeScript #algorithms @PizzaPokerGuy https://t.co/RoTe6QJAIq","#Javascript , #Typescript",6008,1
91,dmn_chzl,"Developing a peer-to-peer system in #JavaScript, this is possible with #Deno ü¶ï #TypeScript #WebSocket https://t.co/XdxqJaFkH2","#Javascript , #Typescript",4,0
92,javascriptd,"RT @Javascriptjobbs: Hiring: Intuition Machines - Lead Frontend Javascript Engineer 
Location: Remote - Argentina 
https://t.co/98N56rEVVT‚Ä¶","#Javascript , #Typescript",123,4
93,rahul05ranjan,"RT @bhargavbachina: Learn how to Dockerize PEAN Stack ‚Äî Typescript Version

#PEAN #PEANStack #programming #softwaredevelopment #softwareeng‚Ä¶","#Javascript , #Typescript",490664,1
94,bhargavbachina,"Learn how to Dockerize PEAN Stack ‚Äî Typescript Version

#PEAN #PEANStack #programming #softwaredevelopment #softwareengineering #docker #typescript #javascript #nodejs #angular #database #db https://t.co/I8qxfsjoT1","#Javascript , #Typescript",21,1
95,strapijs,"#TypeScript vs. #JavaScript: Which One Should You Use With Strapi? ü§î

@ubay_dah17 explains the differences between both and which one you should use with #Strapi.

https://t.co/K5wJqfHNJE https://t.co/ZD6IOKN9R7","#Javascript , #Typescript",5542,1
96,AaronCuddeback,RT @sawon68795229: #thursdayvibes #Development #CSS #HTML5 #PHP #NodeJs #WordPress #JavaScript #React #Angular #Python #VueJS #Django #Redu‚Ä¶,"#Javascript , #Typescript",34269,3
97,djfarrelly,RT @atticjack: How much should you cater for Pure #JavaScript users in a #TypeScript library? If you type the argument for a library functi‚Ä¶,"#Javascript , #Typescript",2053,1
98,TheAngularBot,RT @sawon68795229: #thursdayvibes #Development #CSS #HTML5 #PHP #NodeJs #WordPress #JavaScript #React #Angular #Python #VueJS #Django #Redu‚Ä¶,"#Javascript , #Typescript",10,3
99,wpbot_rt,RT @sawon68795229: #thursdayvibes #Development #CSS #HTML5 #PHP #NodeJs #WordPress #JavaScript #React #Angular #Python #VueJS #Django #Redu‚Ä¶,"#Javascript , #Typescript",17,3
100,sawon68795229,"#thursdayvibes #Development #CSS #HTML5 #PHP #NodeJs #WordPress #JavaScript #React #Angular #Python #VueJS #Django #Redux #Typescript #100DaysOfCode #TwitterLayoffs #fridaymorning

https://t.co/vnJ9jZet9L","#Javascript , #Typescript",35,3
101,javascriptd,RT @PerettiAdrien: Just released the first version of the auth plugin for @medusajs It includes @Google auth for now and I planned to inclu‚Ä¶,"#Javascript , #Typescript",123,3
102,JSTweetsBot,"RT @OmbuLabs: üö® #NowHiring alert! Do you ‚ù§Ô∏è #javascript, #typescript, and #nodejs? We're looking for a senior #NodeJSengineer to join our t‚Ä¶","#Javascript , #Typescript",0,5
103,JSUpgrade,"RT @OmbuLabs: üö® #NowHiring alert! Do you ‚ù§Ô∏è #javascript, #typescript, and #nodejs? We're looking for a senior #NodeJSengineer to join our t‚Ä¶","#Javascript , #Typescript",2,5
104,btcfork,"RT @KnuthNode: Knuth: Mega release week and about the future

https://t.co/PbsnoSgkvA

#Bitcoin $Cash #BCH #BitcoinCash #cpp #python #cshar‚Ä¶","#Javascript , #Typescript",162437,7
105,first_issues,Add opengraph metadata to the app https://t.co/KvcyEhV1u2 #github #TypeScript #JavaScript #CSS #Shell,"#Javascript , #Typescript",8,0
106,2Bftawfik,"RT @MikeJudeLarocca: I solved Dylan Israel's 100 Algorithms Challenge:

""Extract Each Kth""

Link to my solution:
https://t.co/VCGFvzdHSe

B‚Ä¶","#Javascript , #Typescript",19,2
107,MikeJudeLarocca,"I solved Dylan Israel's 100 Algorithms Challenge:

""Extract Each Kth""

Link to my solution:
https://t.co/VCGFvzdHSe

Be sure to check out the course!
https://t.co/WYQe80EEvE

#100DaysOfCode #javascript #TypeScript #algorithms @PizzaPokerGuy https://t.co/h7QTgCHOWW","#Javascript , #Typescript",6008,2
108,alljstweet,"RT @Javascriptjobbs: Hiring: Belvo - Product Operations Associate
Location: Remote - Brazil 
https://t.co/zBPGUSiXYv 
#javascript #jobs #vu‚Ä¶","#Javascript , #Typescript",17,2
109,remote_dev_job,"RT @Javascriptjobbs: Hiring: Belvo - Product Operations Associate
Location: Remote - Brazil 
https://t.co/zBPGUSiXYv 
#javascript #jobs #vu‚Ä¶","#Javascript , #Typescript",5,2
110,Javascriptjobbs,"Hiring: Belvo - Product Operations Associate
Location: Remote - Brazil 
https://t.co/zBPGUSiXYv 
#javascript #jobs #vuejs #typescript","#Javascript , #Typescript",2496,2
111,first_issues,Document related datasets https://t.co/JfLS6l811L #github #TypeScript #CSS #JavaScript #Dockerfile #Shell,"#Javascript , #Typescript",8,0
112,bbugs_100daybot,"RT @tpotjj: Day 21/22 of #100DaysOfCode, #Github learned about security and artifacts

#Terraform #S3 #AWS #javascript #php #laravel #types‚Ä¶","#Javascript , #Typescript",56293,7
113,first_issues,Make each section individually linkable https://t.co/YXwaAla3d2 #github #TypeScript #CSS #JavaScript #Dockerfile #Shell,"#Javascript , #Typescript",8,0
114,_go47,"RT @tpotjj: Day 21/22 of #100DaysOfCode, #Github learned about security and artifacts

#Terraform #S3 #AWS #javascript #php #laravel #types‚Ä¶","#Javascript , #Typescript",34,7
115,rahul05ranjan,"RT @tpotjj: Day 21/22 of #100DaysOfCode, #Github learned about security and artifacts

#Terraform #S3 #AWS #javascript #php #laravel #types‚Ä¶","#Javascript , #Typescript",490664,7
116,100xcode,"RT @tpotjj: Day 21/22 of #100DaysOfCode, #Github learned about security and artifacts

#Terraform #S3 #AWS #javascript #php #laravel #types‚Ä¶","#Javascript , #Typescript",217420,7
117,tpotjj,"Day 21/22 of #100DaysOfCode, #Github learned about security and artifacts

#Terraform #S3 #AWS #javascript #php #laravel #typescript #Python #programming #DevOps #Azure #Hacktoberfest2022 #python #Gitlab #CloudComputing #ReactJS #Golang #NodeJS #coding #vim #devops #Gitlab #cicd","#Javascript , #Typescript",587,7
118,first_issues,Add naming rules to Media page https://t.co/fNpzCpEoT9 #github #JavaScript #Less #HTML #Java #CSS #Shell #Batchfile #Python #Dockerfile #Handlebars #TypeScript #CSS #JavaScript #Dockerfile #Shell #TypeScript #CSS #JavaScript #Dockerfile #Shell,"#Javascript , #Typescript",8,1
119,first_issues,List conferences https://t.co/ZUQpu76rRp #github #JavaScript #Less #HTML #Java #CSS #Shell #Batchfile #Python #Dockerfile #Handlebars #TypeScript #CSS #JavaScript #Dockerfile #Shell,"#Javascript , #Typescript",8,1
120,PurposeOf1,"RT @yesdavidgray: New TypeScript video: In this TS tutorial, we look at Type Assertions / Type Casting and the DOM including a challenge: h‚Ä¶","#Javascript , #Typescript",6740,11
121,first_issues,Add Media: L'Opinion https://t.co/JLXkukpuH1 #github #TypeScript #CSS #JavaScript #Dockerfile #Shell,"#Javascript , #Typescript",8,0
122,first_issues,Elements cut off in browser depending on width of window https://t.co/WxxOZ3QSTy #github #Go #TypeScript #SCSS #Lua #Shell #Makefile #Dockerfile #Procfile #JavaScript #CSS #Mustache #HTML,"#Javascript , #Typescript",8,0
123,PythonBot_By_PM,"RT @KnuthNode: Knuth: Mega release week and about the future

https://t.co/PbsnoSgkvA

#Bitcoin $Cash #BCH #BitcoinCash #cpp #python #cshar‚Ä¶","#Javascript , #Typescript",119270,7
124,rodionCash,"RT @KnuthNode: Knuth: Mega release week and about the future

https://t.co/PbsnoSgkvA

#Bitcoin $Cash #BCH #BitcoinCash #cpp #python #cshar‚Ä¶","#Javascript , #Typescript",13862,7
125,first_issues,BLS provider/signer example dApp https://t.co/ueUpbr8oE8 #github #TypeScript #Solidity #JavaScript #SCSS #Shell #HTML #Dockerfile,"#Javascript , #Typescript",8,0
126,first_issues,Add multi-action transactions to BlsProvider &amp; BlsSigner https://t.co/rNGxNuW04Y #github #TypeScript #Solidity #JavaScript #SCSS #Shell #HTML #Dockerfile,"#Javascript , #Typescript",8,0
127,first_issues,Display managed namespaces in Argo CD UI https://t.co/DPrmNeKiyX #github #Go #TypeScript #SCSS #Lua #Shell #Makefile #Dockerfile #Procfile #JavaScript #CSS #Mustache #HTML,"#Javascript , #Typescript",8,0
128,KnuthNode,"Knuth: Mega release week and about the future

https://t.co/PbsnoSgkvA

#Bitcoin $Cash #BCH #BitcoinCash #cpp #python #csharp #Dotnet #javascript #typescript https://t.co/maNCtUPCmG","#Javascript , #Typescript",5593,7
129,first_issues,Line Chart Displays Non-Existent/Incorrect Data on 31st of April (A day that doesn't exist) https://t.co/p0TuwlcRCi #github #TypeScript #JavaScript #HTML #CSS #Shell #Dockerfile,"#Javascript , #Typescript",8,0
130,AaronCuddeback,RT @PerettiAdrien: Just released the first version of the auth plugin for @medusajs It includes @Google auth for now and I planned to inclu‚Ä¶,"#Javascript , #Typescript",34269,3
131,remote_dev_job,"RT @Javascriptjobbs: Hiring: Chameleon - Senior Frontend Engineer
Location: Remote - United States 
https://t.co/YWbI6qPJL0 
#javascript #j‚Ä¶","#Javascript , #Typescript",5,1
132,Javascriptjobbs,"Hiring: Chameleon - Senior Frontend Engineer
Location: Remote - United States 
https://t.co/YWbI6qPJL0 
#javascript #jobs #typescript #expressjs","#Javascript , #Typescript",2496,1
133,o_fabriciosouza,"RT @yesdavidgray: New TypeScript video: In this TS tutorial, we look at Type Assertions / Type Casting and the DOM including a challenge: h‚Ä¶","#Javascript , #Typescript",53,11
134,o_fabriciosouza,RT @first_issues: refactor: drop ctx!=nil check https://t.co/V2YQBLNRLL #github #TypeScript #JavaScript #HTML #CSS #Go #Shell #Makefile #Ya‚Ä¶,"#Javascript , #Typescript",53,1
135,o_fabriciosouza,RT @first_issues: Document how to use P5 plugins and constructors https://t.co/ALoAuNKYus #github #TypeScript #JavaScript #HTML #CSS,"#Javascript , #Typescript",53,1
136,first_issues,refactor: drop ctx!=nil check https://t.co/V2YQBLNRLL #github #TypeScript #JavaScript #HTML #CSS #Go #Shell #Makefile #Yacc #HTML #Lua #R #Dockerfile,"#Javascript , #Typescript",8,1
137,first_issues,Document how to use P5 plugins and constructors https://t.co/ALoAuNKYus #github #TypeScript #JavaScript #HTML #CSS,"#Javascript , #Typescript",8,1
138,miles_ryker_,"RT @yesdavidgray: New TypeScript video: In this TS tutorial, we look at Type Assertions / Type Casting and the DOM including a challenge: h‚Ä¶","#Javascript , #Typescript",29,11
139,MikeJudeLarocca,"I solved Dylan Israel's 100 Algorithms Challenge:

""Even Digits Only""

Link to my solution:
https://t.co/gXrgVlFiyf

Be sure to check out the course!
https://t.co/WYQe80EEvE

#100DaysOfCode #javascript #TypeScript #algorithms @PizzaPokerGuy https://t.co/R6nHWLYjr0","#Javascript , #Typescript",6008,2
140,PerettiAdrien,"Just released the first version of the auth plugin for @medusajs It includes @Google auth for now and I planned to include other providers as well.

check it out https://t.co/l6urDC5z1a

and let a star if you like

#javascript #opensource #authentication #nodejs #typescript https://t.co/CvV327EMQf","#Javascript , #Typescript",751,3
141,sammyisagenius,"RT @_SeanGroff: I was laid off from my job this morning along with many other engineers.
I'm a senior frontend engineer/lead/manager/archit‚Ä¶","#Javascript , #Typescript",3798,51
142,powerlifting223,"RT @yesdavidgray: New TypeScript video: In this TS tutorial, we look at Type Assertions / Type Casting and the DOM including a challenge: h‚Ä¶","#Javascript , #Typescript",8203,11
143,che_off,"RT @_SeanGroff: I was laid off from my job this morning along with many other engineers.
I'm a senior frontend engineer/lead/manager/archit‚Ä¶","#Javascript , #Typescript",145332,51
144,first_issues,üêõ `noInvalidConstructorSuper` false positives https://t.co/A3z3bQuxFE #github #Rust #Shell #C++ #Rust #C #CMake #Shell #Python #PowerShell #Batchfile #Dockerfile #Objective-C++ #Rust #JavaScript #TypeScript #SCSS #Liquid #HTML #CSS,"#Javascript , #Typescript",8,0
145,relevant_jobs,Full Stack .NET Developer https://t.co/PXFkhcgcUZ MVC / C# - Fitabase https://t.co/WtAyDGRo4n #relevantjobs #job #jobs #hiring  #cplusplus #csharp #aspnet #dotnet #js #javascript #typescript,"#Javascript , #Typescript",3,0
146,akmalchaudhri,"RT @moriohdotcom: 3 Billion DevicesüòÇ

#java #javascript #typescript #react #reactnative #vuejs #webdevelopment #webdeveloper #angular #webd‚Ä¶","#Javascript , #Typescript",10384,5
147,h_ik04,"RT @_SeanGroff: I was laid off from my job this morning along with many other engineers.
I'm a senior frontend engineer/lead/manager/archit‚Ä¶","#Javascript , #Typescript",1175,51
148,tambaTech_,"RT @yesdavidgray: New TypeScript video: In this TS tutorial, we look at Type Assertions / Type Casting and the DOM including a challenge: h‚Ä¶","#Javascript , #Typescript",24763,11
149,AdityaK60083101,"RT @yesdavidgray: New TypeScript video: In this TS tutorial, we look at Type Assertions / Type Casting and the DOM including a challenge: h‚Ä¶","#Javascript , #Typescript",24,11
150,PythonBot_By_PM,"RT @yesdavidgray: New TypeScript video: In this TS tutorial, we look at Type Assertions / Type Casting and the DOM including a challenge: h‚Ä¶","#Javascript , #Typescript",119270,11
151,rahul05ranjan,"RT @yesdavidgray: New TypeScript video: In this TS tutorial, we look at Type Assertions / Type Casting and the DOM including a challenge: h‚Ä¶","#Javascript , #Typescript",490664,11
152,yesdavidgray,"New TypeScript video: In this TS tutorial, we look at Type Assertions / Type Casting and the DOM including a challenge: https://t.co/O8MV3q5uuR

#typescript #javascript #100DaysOfCode #CodeNewbie #code #webdev #webdevelopment #programming https://t.co/gCz2vJyLiD","#Javascript , #Typescript",4359,11
153,UtibeAbasiJacob,"RT @moriohdotcom: 3 Billion DevicesüòÇ

#java #javascript #typescript #react #reactnative #vuejs #webdevelopment #webdeveloper #angular #webd‚Ä¶","#Javascript , #Typescript",2066,5
154,PythonBot_By_PM,"RT @moriohdotcom: 3 Billion DevicesüòÇ

#java #javascript #typescript #react #reactnative #vuejs #webdevelopment #webdeveloper #angular #webd‚Ä¶","#Javascript , #Typescript",119270,5
155,moriohdotcom,"3 Billion DevicesüòÇ

#java #javascript #typescript #react #reactnative #vuejs #webdevelopment #webdeveloper #angular #webdesigner #html #html5 #programming #css #css3 #js #jquery #php #nodejs #laravel #mongodb #nosql #mysql #postgresql #software #python #softwaredeveloper https://t.co/uBSekCK9Gi","#Javascript , #Typescript",273,5
156,AaronCuddeback,"RT @Javascriptjobbs: Hiring: Intuition Machines - Lead Frontend Javascript Engineer 
Location: Remote - Argentina 
https://t.co/98N56rEVVT‚Ä¶","#Javascript , #Typescript",34269,4
157,first_issues,Display swap route info https://t.co/Hh4NvGqxW5 #github #JavaScript #HTML #TypeScript #JavaScript #CSS #Dockerfile,"#Javascript , #Typescript",8,0
158,FRCretweets,"RT @Javascriptjobbs: Hiring: Intuition Machines - Lead Frontend Javascript Engineer 
Location: Remote - Argentina 
https://t.co/98N56rEVVT‚Ä¶","#Javascript , #Typescript",49,4
159,remote_dev_job,"RT @Javascriptjobbs: Hiring: Intuition Machines - Lead Frontend Javascript Engineer 
Location: Remote - Argentina 
https://t.co/98N56rEVVT‚Ä¶","#Javascript , #Typescript",5,4
160,Javascriptjobbs,"Hiring: Intuition Machines - Lead Frontend Javascript Engineer 
Location: Remote - Argentina 
https://t.co/98N56rEVVT 
#javascript #jobs #nodejs #typescript","#Javascript , #Typescript",2496,4
161,first_issues,Move social media icons to the bottom  https://t.co/z44Zc6G3jS #github #C# #HTML #CSS #JavaScript #TypeScript #JavaScript,"#Javascript , #Typescript",8,0
162,willypeps1,RT @NodejsTrends: 1-Nodejs Course 2023: Introduction To #Nodejs #typescript #frontend #webdev #dormosheio #mongodb #fastify #javascript #fr‚Ä¶,"#Javascript , #Typescript",6194,5
163,first_issues,Change readme https://t.co/BcZPkg3ifB #github #C# #PowerShell #Shell #CMake #JavaScript #Batchfile #CSS #Visual Basic .NET #F# #TypeScript #C++ #Smalltalk #HTML #Haml #Dockerfile,"#Javascript , #Typescript",8,0
164,first_issues,`Cpp2StyleEvaluatorDefinition` concurency issue https://t.co/o3QlwTJcBh #github #C# #PowerShell #Shell #CMake #JavaScript #Batchfile #CSS #Visual Basic .NET #F# #TypeScript #C++ #Smalltalk #HTML #Haml #Dockerfile,"#Javascript , #Typescript",8,0
165,html_css_bot,RT @first_issues: Add Ban Group Users Function https://t.co/TgBPEwd3e6 #github #Python #HTML #TypeScript #Shell #JavaScript #CSS #SCSS #C++‚Ä¶,"#Javascript , #Typescript",41,1
166,html_css_bot,RT @first_issues: Disable texblock option in editor https://t.co/1XO2pkJSmr #github #Python #HTML #TypeScript #Shell #JavaScript #CSS #SCSS,"#Javascript , #Typescript",41,1
167,first_issues,Add Ban Group Users Function https://t.co/TgBPEwd3e6 #github #Python #HTML #TypeScript #Shell #JavaScript #CSS #SCSS #C++ #CMake #C #Shell #Dockerfile,"#Javascript , #Typescript",8,1
168,first_issues,Disable texblock option in editor https://t.co/1XO2pkJSmr #github #Python #HTML #TypeScript #Shell #JavaScript #CSS #SCSS,"#Javascript , #Typescript",8,1
169,first_issues,Chemiscope web does not have a favicon https://t.co/hsc9BWnPSx #github #Java #JavaScript #Shell #ANTLR #HTML #CSS #Scala #Python #Dockerfile #Smarty #Groovy #PLSQL #TypeScript #Python #HTML #CSS #TeX #JavaScript,"#Javascript , #Typescript",8,0
170,JuniorOreol,"RT @JuniorOreol: v4.0.1 of my portfolio is released (ü•≥). 

Here's the link: https://t.co/VQioL6Hgg4

I‚Äôll appreciate your feedbacks.üôèüèæ 

#n‚Ä¶","#Javascript , #Typescript",15135,8
171,first_issues,Always show backup storage location on desktop https://t.co/0FNUY5Akmy #github #C++ #CMake #C #Shell #Dockerfile #JavaScript #TypeScript #OpenEdge ABL #Java #CSS #Swift #HTML #C++ #Objective-C++ #Objective-C #Ruby #Makefile #Shell #C,"#Javascript , #Typescript",8,0
172,tbyiadom1,"RT @_SeanGroff: I was laid off from my job this morning along with many other engineers.
I'm a senior frontend engineer/lead/manager/archit‚Ä¶","#Javascript , #Typescript",16204,51
173,first_issues,Input of session creation retries disappears. https://t.co/9JZa4yRPS3 #github #TypeScript #JavaScript #HTML #CSS #Makefile #Shell #Dockerfile,"#Javascript , #Typescript",8,0
174,first_issues,Backup is not restoring https://t.co/UsJtgGuVJr #github #JavaScript #TypeScript #OpenEdge ABL #Java #CSS #Swift #HTML #C++ #Objective-C++ #Objective-C #Ruby #Makefile #Shell #C,"#Javascript , #Typescript",8,0
175,dev_abba,"RT @_SeanGroff: I was laid off from my job this morning along with many other engineers.
I'm a senior frontend engineer/lead/manager/archit‚Ä¶","#Javascript , #Typescript",54711,51
176,o_fabriciosouza,RT @xorbakon: day 4 of #100DaysOfCode refactored my project code to make it more readable and functional. It feels good to clean things up‚Ä¶,"#Javascript , #Typescript",53,9
177,CoDailychalleng,RT @xorbakon: day 4 of #100DaysOfCode refactored my project code to make it more readable and functional. It feels good to clean things up‚Ä¶,"#Javascript , #Typescript",21,9
178,javascriptd,RT @first_issues: Revamp fam page https://t.co/oTYSev1MAR #github #Python #TeX #Batchfile #TypeScript #SCSS #JavaScript #Dockerfile #CSS,"#Javascript , #Typescript",123,1
179,first_issues,REST API (API Gateway v1) Cognito User Pool authorizer ImportValue validation https://t.co/CFp3S8Azwz #github #JavaScript #Java #Shell #Python #Ruby #PowerShell #TypeScript,"#Javascript , #Typescript",8,0
180,TeddyBearIsABot,RT @xorbakon: day 4 of #100DaysOfCode refactored my project code to make it more readable and functional. It feels good to clean things up‚Ä¶,"#Javascript , #Typescript",737,9
181,bbugs_100daybot,RT @xorbakon: day 4 of #100DaysOfCode refactored my project code to make it more readable and functional. It feels good to clean things up‚Ä¶,"#Javascript , #Typescript",56293,9
182,_go47,RT @xorbakon: day 4 of #100DaysOfCode refactored my project code to make it more readable and functional. It feels good to clean things up‚Ä¶,"#Javascript , #Typescript",34,9
183,rahul05ranjan,RT @xorbakon: day 4 of #100DaysOfCode refactored my project code to make it more readable and functional. It feels good to clean things up‚Ä¶,"#Javascript , #Typescript",490664,9
184,100xcode,RT @xorbakon: day 4 of #100DaysOfCode refactored my project code to make it more readable and functional. It feels good to clean things up‚Ä¶,"#Javascript , #Typescript",217420,9
185,LebotPython,RT @xorbakon: day 4 of #100DaysOfCode refactored my project code to make it more readable and functional. It feels good to clean things up‚Ä¶,"#Javascript , #Typescript",373,9
186,xorbakon,"day 4 of #100DaysOfCode refactored my project code to make it more readable and functional. It feels good to clean things up and have it all still works perfectly

#React #typescript  #javascript  #mui #Refactor #progress #Project","#Javascript , #Typescript",9,9
187,codedailybot,"RT @yesdavidgray: No doubt Typescript is in demand, and I've had many tutorial requests for TS, too. Let's get started!  Typescript for Beg‚Ä¶","#Javascript , #Typescript",268,28
188,sufyanhabib1,"RT @yesdavidgray: No doubt Typescript is in demand, and I've had many tutorial requests for TS, too. Let's get started!  Typescript for Beg‚Ä¶","#Javascript , #Typescript",7217,28
189,FrontEndLoveBot,"RT @bukmedianet: #Docker &amp; Kubernetes: The Practical Guide [2023 Edition] #udemycoupon 

-&gt; https://t.co/ie00XiYYGf

#100DaysOfCode #React‚Ä¶","#Javascript , #Typescript",53,2
190,rahul05ranjan,"RT @bukmedianet: #Docker &amp; Kubernetes: The Practical Guide [2023 Edition] #udemycoupon 

-&gt; https://t.co/ie00XiYYGf

#100DaysOfCode #React‚Ä¶","#Javascript , #Typescript",490664,2
191,bukmedianet,"#Docker &amp; Kubernetes: The Practical Guide [2023 Edition] #udemycoupon 

-&gt; https://t.co/ie00XiYYGf

#100DaysOfCode #React #javascript #WordPress #VueJS #Angular #Python #CSS #webdevelopment #Nodejs #PHP #Django #HTML5 #MERNStack #Typescript #Laravel #Free #discount #udemy","#Javascript , #Typescript",0,2
192,Toyin4tech,"RT @_SeanGroff: I was laid off from my job this morning along with many other engineers.
I'm a senior frontend engineer/lead/manager/archit‚Ä¶","#Javascript , #Typescript",617,51
193,first_issues,Fix `AppProtocolVersion.GetHashCode()` https://t.co/1Lc7X3FjNy #github #C# #TypeScript #JavaScript #Shell #PowerShell #XSLT #HTML #Dockerfile,"#Javascript , #Typescript",8,0
194,OmbuWebDev,"RT @_SeanGroff: I was laid off from my job this morning along with many other engineers.
I'm a senior frontend engineer/lead/manager/archit‚Ä¶","#Javascript , #Typescript",0,51
195,asg5704,"RT @_SeanGroff: I was laid off from my job this morning along with many other engineers.
I'm a senior frontend engineer/lead/manager/archit‚Ä¶","#Javascript , #Typescript",33619,51
196,javascriptd,RT @CMARIXTechLabs: Are you worried about coming up with the next big app for your company? We recommend Redux Toolkit with Typescript as t‚Ä¶,"#Javascript , #Typescript",123,4
197,javascriptd,RT @first_issues: Include link to LinkedIn page of mentors https://t.co/nbsDdKzd0I #github #TypeScript #JavaScript #CSS #HTML #Shell,"#Javascript , #Typescript",123,2
198,dev_bot9190,"RT @SeanZubrickas: We're making a ton of progress with the new @payloadcms site. It's looking üî•üî•üî•

#typescript #javascript #nodejs #reactjs‚Ä¶","#Javascript , #Typescript",6,2
199,WebTrendsss,RT @TSTrendss: Cleaner and Better way for calling APIs with Axios in your React-typescript applications #reactjs #javascript #frontend #web‚Ä¶,"#Javascript , #Typescript",23248,9
200,ReactJSTrends,RT @TSTrendss: Cleaner and Better way for calling APIs with Axios in your React-typescript applications #reactjs #javascript #frontend #web‚Ä¶,"#Javascript , #Typescript",6103,9
201,_reactdev,"RT @SeanZubrickas: We're making a ton of progress with the new @payloadcms site. It's looking üî•üî•üî•

#typescript #javascript #nodejs #reactjs‚Ä¶","#Javascript , #Typescript",146,2
202,SeanZubrickas,"We're making a ton of progress with the new @payloadcms site. It's looking üî•üî•üî•

#typescript #javascript #nodejs #reactjs #payloadcms #morethanacms https://t.co/Us2VakTO2a","#Javascript , #Typescript",35,2
203,sibtain_jamali,"RT @_SeanGroff: I was laid off from my job this morning along with many other engineers.
I'm a senior frontend engineer/lead/manager/archit‚Ä¶","#Javascript , #Typescript",31327,51
204,DataAugmented,RT @first_issues: Player's play button should be in the middle https://t.co/xfrdAJ2hgA #github #TypeScript #Python #CSS #HTML #Dockerfile #‚Ä¶,"#Javascript , #Typescript",35947,1
205,first_issues,Player's play button should be in the middle https://t.co/xfrdAJ2hgA #github #TypeScript #Python #CSS #HTML #Dockerfile #JavaScript,"#Javascript , #Typescript",8,1
206,first_issues,"Lecture detail, middle dot shouldn't be displayed https://t.co/E83L8dcz0G #github #TypeScript #Python #CSS #HTML #Dockerfile #JavaScript","#Javascript , #Typescript",8,0
207,jsfairy,RT @NodejsTrends: 1-Nodejs Course 2023: Introduction To #Nodejs #typescript #frontend #webdev #dormosheio #mongodb #fastify #javascript #fr‚Ä¶,"#Javascript , #Typescript",47,5
208,jsfairy,RT @ReactJSTrends: Cleaner and Better way for calling APIs with Axios in your React-typescript applications #reactjs #javascript #frontend‚Ä¶,"#Javascript , #Typescript",47,7
209,html_css_bot,RT @first_issues: Include link to LinkedIn page of mentors https://t.co/nbsDdKzd0I #github #TypeScript #JavaScript #CSS #HTML #Shell,"#Javascript , #Typescript",41,2
210,first_issues,Include link to LinkedIn page of mentors https://t.co/nbsDdKzd0I #github #TypeScript #JavaScript #CSS #HTML #Shell,"#Javascript , #Typescript",8,2
211,rahul05ranjan,RT @CMARIXTechLabs: Are you worried about coming up with the next big app for your company? We recommend Redux Toolkit with Typescript as t‚Ä¶,"#Javascript , #Typescript",490664,4
212,CMARIXTechLabs,"Are you worried about coming up with the next big app for your company? We recommend Redux Toolkit with Typescript as the solution. 

Read on to know more.. https://t.co/IHMnco3Cr5

#typescript #code #programming #coding #developer #Javascript #Toolkit #webdevelopment #webdev","#Javascript , #Typescript",942,4
213,alljstweet,RT @ReactJSTrends: Cleaner and Better way for calling APIs with Axios in your React-typescript applications #reactjs #javascript #frontend‚Ä¶,"#Javascript , #Typescript",17,7
214,ReactJSTrends,RT @ReactJSTrends: Cleaner and Better way for calling APIs with Axios in your React-typescript applications #reactjs #javascript #frontend‚Ä¶,"#Javascript , #Typescript",6103,7
215,WebTrendsss,RT @ReactJSTrends: Cleaner and Better way for calling APIs with Axios in your React-typescript applications #reactjs #javascript #frontend‚Ä¶,"#Javascript , #Typescript",23248,7
216,TSTrendss,RT @NodejsTrends: 1-Nodejs Course 2023: Introduction To #Nodejs #typescript #frontend #webdev #dormosheio #mongodb #fastify #javascript #fr‚Ä¶,"#Javascript , #Typescript",2022,5
217,WebTrendsss,RT @NodejsTrends: 1-Nodejs Course 2023: Introduction To #Nodejs #typescript #frontend #webdev #dormosheio #mongodb #fastify #javascript #fr‚Ä¶,"#Javascript , #Typescript",23248,5
218,calehoopes,"RT @_SeanGroff: I was laid off from my job this morning along with many other engineers.
I'm a senior frontend engineer/lead/manager/archit‚Ä¶","#Javascript , #Typescript",79174,51
219,first_issues,Revamp fam page https://t.co/oTYSev1MAR #github #Python #TeX #Batchfile #TypeScript #SCSS #JavaScript #Dockerfile #CSS,"#Javascript , #Typescript",8,1
220,rahul05ranjan,"RT @FreeCodeCoupon2: NodeJS - The Complete Guide (MVC, REST APIs, GraphQL, Deno) | #udemy 

Preview this course =&gt; https://t.co/uTJS23Bjzm‚Ä¶","#Javascript , #Typescript",490664,7
221,FreeCodeCoupon2,"NodeJS - The Complete Guide (MVC, REST APIs, GraphQL, Deno) | #udemy 

Preview this course =&gt; https://t.co/uTJS23Bjzm

#NodeJs #WordPress #CSS #Typescript #Python #Angular #Django #HTML5 #PHP #VueJS #Javascript #JavaScript #React #free #coupons #javascript30 #100DaysOfCode","#Javascript , #Typescript",0,7
222,alljstweet,RT @first_issues: DICOM component replacement research  https://t.co/saHsAYMPes #github #JavaScript #TypeScript #Python #Less #SCSS #CSS #E‚Ä¶,"#Javascript , #Typescript",17,3
223,30daysofcode,RT @first_issues: DICOM component replacement research  https://t.co/saHsAYMPes #github #JavaScript #TypeScript #Python #Less #SCSS #CSS #E‚Ä¶,"#Javascript , #Typescript",52201,3
224,cwebba1,"RT @CourseGift: [BEST] #Udemy Understanding TypeScript - 2023 Edition Course 

‚û°Ô∏è https://t.co/Y6jrEtWIAz 

#TypeScript #Programming #JavaS‚Ä¶","#Javascript , #Typescript",762,4
225,o_fabriciosouza,"RT @_SeanGroff: I was laid off from my job this morning along with many other engineers.
I'm a senior frontend engineer/lead/manager/archit‚Ä¶","#Javascript , #Typescript",53,51
226,taspina,"RT @_SeanGroff: I was laid off from my job this morning along with many other engineers.
I'm a senior frontend engineer/lead/manager/archit‚Ä¶","#Javascript , #Typescript",796,51
227,nareshitech,"‚úçÔ∏èEnroll Now: https://t.co/zSSP998lDo
üëâAttend Free Online Demo On HTML | CSS | JavaScript by Mr.Shiva Kumar.
üî•With Videos Rs.4,000/- Only
üî•Without Videos Rs.2,000/- Only
üìÖDemo On: 7th November @ 06:00 PM (IST)

#html #css #javascript #webdevelopment #typescript #courses #it https://t.co/1A77IV2jyS","#Javascript , #Typescript",20,0
228,first_issues,DICOM component replacement research  https://t.co/saHsAYMPes #github #JavaScript #TypeScript #Python #Less #SCSS #CSS #EJS #HTML #Mustache #Dockerfile #Shell,"#Javascript , #Typescript",8,3
229,rahul05ranjan,"RT @CourseGift: [BEST] #Udemy Understanding TypeScript - 2023 Edition Course 

‚û°Ô∏è https://t.co/Y6jrEtWIAz 

#TypeScript #Programming #JavaS‚Ä¶","#Javascript , #Typescript",490664,4
230,CourseGift,"[BEST] #Udemy Understanding TypeScript - 2023 Edition Course 

‚û°Ô∏è https://t.co/Y6jrEtWIAz 

#TypeScript #Programming #JavaScript #Coding #Developer #WebDev #JavaScript30 #Angular #ReactJS #Redux #NodeJS #VueJS #100DaysOfCode #WomenWhoCode #CodeNewbie","#Javascript , #Typescript",6007,4
231,AaronCuddeback,RT @NodejsTrends: 1-Nodejs Course 2023: Introduction To #Nodejs #typescript #frontend #webdev #dormosheio #mongodb #fastify #javascript #fr‚Ä¶,"#Javascript , #Typescript",34269,5
232,cryptojobster,"üì£ Portal Fantasy is looking for 
üëâ Blockchain Engineer 

#blockchainjobs #cryptojobs #BlockchainEngineer #DeFi #Engineer #EVM #GameFi #JavaScript #Solidity #TypeScript #Web3  

Apply now üëá
https://t.co/BnZ46mpGMd https://t.co/6BtIjMomMe","#Javascript , #Typescript",15,0
233,js_bits,"RT @_SeanGroff: I was laid off from my job this morning along with many other engineers.
I'm a senior frontend engineer/lead/manager/archit‚Ä¶","#Javascript , #Typescript",3417,51
234,_reactdev,"RT @_SeanGroff: I was laid off from my job this morning along with many other engineers.
I'm a senior frontend engineer/lead/manager/archit‚Ä¶","#Javascript , #Typescript",146,51
235,rajeshp403,"RT @_SeanGroff: I was laid off from my job this morning along with many other engineers.
I'm a senior frontend engineer/lead/manager/archit‚Ä¶","#Javascript , #Typescript",1491,51
236,atticjack,"How much should you cater for Pure #JavaScript users in a #TypeScript library? If you type the argument for a library function as a string, should you still also check that at runtime, or is the onus on the user to be type checking their code? ü§î","#Javascript , #Typescript",464,1
237,TheAngularBot,"RT @SeleccionPanel: ¬øQuieres formar parte del #TeamPanel? Nos gustar√≠a contar contigo pulsa en el link y descubrenos
#TeamPanel #Typescript‚Ä¶","#Javascript , #Typescript",10,1
238,NodejsTrends,1-Nodejs Course 2023: Introduction To #Nodejs #typescript #frontend #webdev #dormosheio #mongodb #fastify #javascript #frontenddev https://t.co/mh0UmsnDYx,"#Javascript , #Typescript",1269,5
239,ChrisArter,"RT @_SeanGroff: I was laid off from my job this morning along with many other engineers.
I'm a senior frontend engineer/lead/manager/archit‚Ä¶","#Javascript , #Typescript",13504,51
240,fd1df686,RT @ReactJSTrends: Cleaner and Better way for calling APIs with Axios in your React-typescript applications #reactjs #javascript #frontend‚Ä¶,"#Javascript , #Typescript",2385,7
241,rahul05ranjan,RT @ReactJSTrends: Cleaner and Better way for calling APIs with Axios in your React-typescript applications #reactjs #javascript #frontend‚Ä¶,"#Javascript , #Typescript",490664,7
242,ReactJSTrends,Cleaner and Better way for calling APIs with Axios in your React-typescript applications #reactjs #javascript #frontend #webdev #dormosheio #react #beginners #typescript #frontenddev https://t.co/Qnb1WTC13x,"#Javascript , #Typescript",6103,7
243,SeleccionPanel,"¬øQuieres formar parte del #TeamPanel? Nos gustar√≠a contar contigo pulsa en el link y descubrenos
#TeamPanel #Typescript #Javascript #HTML #CSS #SASS #Github #Gitlab #Gitflow #AngularJS #Angular #Jasmine #Cypress #seleccionpanel #job #empleo #remoto https://t.co/vyeMp8L2oK","#Javascript , #Typescript",38,1
244,jsfairy,"RT @hkinfosoft: As it was announced at Next.js Conf, Next.js 13 lays the foundations to be dynamic without limits:

To learn more click on‚Ä¶","#Javascript , #Typescript",47,3
245,jsfairy,RT @TSTrendss: Cleaner and Better way for calling APIs with Axios in your React-typescript applications #reactjs #javascript #frontend #web‚Ä¶,"#Javascript , #Typescript",47,9
246,rahul05ranjan,"RT @hkinfosoft: As it was announced at Next.js Conf, Next.js 13 lays the foundations to be dynamic without limits:

To learn more click on‚Ä¶","#Javascript , #Typescript",490664,3
247,hkinfosoft,"As it was announced at Next.js Conf, Next.js 13 lays the foundations to be dynamic without limits:

To learn more click on the link below
https://t.co/sJugQzillk

#hkinfosoft #frontend #javascript #nextjs #nextJs13 #react #reactjs #typescript  #webappdevelopment #webapps https://t.co/X3sBH7El1m","#Javascript , #Typescript",58,3
248,coderstract,RT @TSTrendss: Cleaner and Better way for calling APIs with Axios in your React-typescript applications #reactjs #javascript #frontend #web‚Ä¶,"#Javascript , #Typescript",13,9
249,edisonjscode,RT @TSTrendss: Cleaner and Better way for calling APIs with Axios in your React-typescript applications #reactjs #javascript #frontend #web‚Ä¶,"#Javascript , #Typescript",306,9
250,rahul05ranjan,RT @TSTrendss: Cleaner and Better way for calling APIs with Axios in your React-typescript applications #reactjs #javascript #frontend #web‚Ä¶,"#Javascript , #Typescript",490664,9
251,TSTrendss,Cleaner and Better way for calling APIs with Axios in your React-typescript applications #reactjs #javascript #frontend #webdev #dormosheio #react #beginners #typescript #frontenddev https://t.co/mnkToEvnKe,"#Javascript , #Typescript",2022,9
252,alljstweet,"RT @JavaOn17: Any computer can directly understand only its own machine language, defined by its hardware design. #AssemblyLanguage
#javasc‚Ä¶","#Javascript , #Typescript",17,3
253,FrontEndLoveBot,"RT @JavaOn17: Any computer can directly understand only its own machine language, defined by its hardware design. #AssemblyLanguage
#javasc‚Ä¶","#Javascript , #Typescript",53,3
254,FrontEndLoveBot,"RT @echojobs_io: üê¨ Sentry is hiring Software Engineer 

üåá San Francisco, CA 
üí™ #python #javascript #react #reactjs #typescript 

#tech #sof‚Ä¶","#Javascript , #Typescript",53,5
255,whosehiringbot,"RT @echojobs_io: üê¨ Sentry is hiring Software Engineer 

üåá San Francisco, CA 
üí™ #python #javascript #react #reactjs #typescript 

#tech #sof‚Ä¶","#Javascript , #Typescript",3,5
256,whosehiringbot,"RT @echojobs_io: üê¨ Sentry is hiring Software Engineer 

üåá San Francisco, CA 
üí™ #python #javascript #react #reactjs #typescript 

#tech #sof‚Ä¶","#Javascript , #Typescript",3,5
257,JavaOn17,"Any computer can directly understand only its own machine language, defined by its hardware design. #AssemblyLanguage
#javascript #TypeScript #Python #ReactJS #spring","#Javascript , #Typescript",42,3
258,rahul05ranjan,"RT @echojobs_io: üê¨ Sentry is hiring Software Engineer 

üåá San Francisco, CA 
üí™ #python #javascript #react #reactjs #typescript 

#tech #sof‚Ä¶","#Javascript , #Typescript",490664,5
259,echojobs_io,"üê¨ Sentry is hiring Software Engineer 

üåá San Francisco, CA 
üí™ #python #javascript #react #reactjs #typescript 

#tech #softwareengineer #jobs 
https://t.co/ANBCl6uoCB","#Javascript , #Typescript",82,5
260,CoDailychalleng,"RT @echojobs_io: ü¶ä Xometry is hiring Senior Software Engineer 

üåá Chicago, IL 
üí™ #python #javascript #typescript #ruby #csharp 

#tech #sof‚Ä¶","#Javascript , #Typescript",21,5
261,ken_wheeler,"RT @_SeanGroff: I was laid off from my job this morning along with many other engineers.
I'm a senior frontend engineer/lead/manager/archit‚Ä¶","#Javascript , #Typescript",138152,51
262,amyvpellegrini,"RT @_SeanGroff: I was laid off from my job this morning along with many other engineers.
I'm a senior frontend engineer/lead/manager/archit‚Ä¶","#Javascript , #Typescript",36215,51
263,first_issues,Add network to frontend https://t.co/OpVGpkoH1r #github #Python #Haskell #TypeScript #HTML #JavaScript #Shell #Dockerfile #Nix,"#Javascript , #Typescript",8,0
264,alljstweet,RT @first_issues: [PHP8.3] Replace Json::isValid() implementation with new json_validate() https://t.co/YhvxHtJBsr #github #JavaScript #Typ‚Ä¶,"#Javascript , #Typescript",17,1
265,first_issues,[PHP8.3] Replace Json::isValid() implementation with new json_validate() https://t.co/YhvxHtJBsr #github #JavaScript #TypeScript #HTML #Dockerfile #Shell #PHP #Twig #Rich Text Format #Shell,"#Javascript , #Typescript",8,1
266,first_issues,Double clicking an anchor point with the Path tool should always create two handles https://t.co/1Z41l84kTZ #github #Rust #Vue #TypeScript #JavaScript #HTML #SCSS #Shell #Handlebars,"#Javascript , #Typescript",8,0
267,30daysofcode,RT @first_issues: Alerting: Provisioning API does not support all time durations https://t.co/uybxWTy7pb #github #TypeScript #Go #JavaScrip‚Ä¶,"#Javascript , #Typescript",52201,1
268,_Jakashi,"RT @echojobs_io: ü¶ä Xometry is hiring Senior Software Engineer 

üåá Chicago, IL 
üí™ #python #javascript #typescript #ruby #csharp 

#tech #sof‚Ä¶","#Javascript , #Typescript",15,5
269,first_issues,Alerting: Provisioning API does not support all time durations https://t.co/uybxWTy7pb #github #TypeScript #Go #JavaScript #Rich Text Format #HTML #SCSS #Shell #Starlark #CUE #Jsonnet #Dockerfile #Python #CSS #Makefile #Jinja #Smarty #Mustache #PHP #Assembly,"#Javascript , #Typescript",8,1
270,edisonjscode,"RT @echojobs_io: ü¶ä Xometry is hiring Senior Software Engineer 

üåá Chicago, IL 
üí™ #python #javascript #typescript #ruby #csharp 

#tech #sof‚Ä¶","#Javascript , #Typescript",306,5
271,whosehiringbot,"RT @echojobs_io: ü¶ä Xometry is hiring Senior Software Engineer 

üåá Chicago, IL 
üí™ #python #javascript #typescript #ruby #csharp 

#tech #sof‚Ä¶","#Javascript , #Typescript",3,5
272,whosehiringbot,"RT @echojobs_io: üî• Xometry is hiring Senior Software Engineer 

üåá Lexington, KY 
üí™ #python #javascript #css #typescript #csharp 

#tech #so‚Ä¶","#Javascript , #Typescript",3,1
273,whosehiringbot,"RT @echojobs_io: üöÄ Xometry is hiring Senior Software Engineer 

üåá Charlotte, NC 
üí™ #python #javascript #typescript #ruby #java 

#tech #sof‚Ä¶","#Javascript , #Typescript",3,1
274,first_issues,Provide a way to get the version of podman-desktop https://t.co/lkqrAwVW7S #github #TypeScript #Svelte #JavaScript #CSS #PowerShell #HTML,"#Javascript , #Typescript",8,0
275,IgniteDigitalHQ,"We are looking for experienced #softwaredevelopers to create software that allows ambitious #fintech to market quickly with innovative investment and advice products. Get in touch today!
https://t.co/J8O4OJlJcT
#node #javascript #tech #digital #techjobs #typescript https://t.co/74e4JXGvrN","#Javascript , #Typescript",812,0
276,echojobs_io,"üöÄ Xometry is hiring Senior Software Engineer 

üåá Charlotte, NC 
üí™ #python #javascript #typescript #ruby #java 

#tech #softwareengineer #jobs 
https://t.co/lIxZORbnrf","#Javascript , #Typescript",82,1
277,echojobs_io,"ü¶ä Xometry is hiring Senior Software Engineer 

üåá Chicago, IL 
üí™ #python #javascript #typescript #ruby #csharp 

#tech #softwareengineer #jobs 
https://t.co/M9s6g9r2IA","#Javascript , #Typescript",82,5
278,echojobs_io,"üî• Xometry is hiring Senior Software Engineer 

üåá Lexington, KY 
üí™ #python #javascript #css #typescript #csharp 

#tech #softwareengineer #jobs 
https://t.co/mYViGPWFVS","#Javascript , #Typescript",82,1
279,first_issues,How to rearrange organizational units and accounts after creation https://t.co/YJkJzRP614 #github #Go #JavaScript #Dockerfile #CSS #TypeScript,"#Javascript , #Typescript",8,0
280,first_issues,[feature request] doc: show a screenshot of the output https://t.co/IFqvY6fCwS #github #TypeScript #JavaScript,"#Javascript , #Typescript",8,0
281,first_issues,Make editoast load the infra cache when needed instead of at startup https://t.co/6PT7ZL5WVN #github #Java #JavaScript #TypeScript #Python #Rust #SCSS #Dockerfile #Kotlin #HTML #Shell #CSS,"#Javascript , #Typescript",8,0
282,first_issues,"[Typo] ""ersteller"" should start with a capital letter https://t.co/7LEjGW9STi #github #Kotlin #TypeScript #HTML #SCSS #JavaScript #Shell #Dockerfile #Batchfile","#Javascript , #Typescript",8,0
283,alljstweet,RT @first_issues: The ignore option is not taken into account  https://t.co/8lBYBbJQUI #github #JavaScript #TypeScript #Shell #Batchfile,"#Javascript , #Typescript",17,1
284,first_issues,The ignore option is not taken into account  https://t.co/8lBYBbJQUI #github #JavaScript #TypeScript #Shell #Batchfile,"#Javascript , #Typescript",8,1
285,first_issues,Enhance ESLint output with baseline information https://t.co/9r2CLQ2lnS #github #TypeScript #JavaScript,"#Javascript , #Typescript",8,0
286,kamikudakun,Âêå„ÅòÁµêÊûú„Çí„ÇÇ„Åü„Çâ„Åô„ÇÇ„ÅÆ„Åß„ÅÇ„Å£„Å¶„ÇÇ„ÄÅ„Ç≥„Éº„Éâ„ÅÆÊÑèÂõ≥„ÅåÈÄö„Åò„ÇãÊñπ„ÅßÊõ∏„Åè https://t.co/KaR4kK5TQi #JavaScript #PHP #TypeScript #„É™„Éº„ÉÄ„Éñ„É´„Ç≥„Éº„Éâ,"#Javascript , #Typescript",2410,0
287,first_issues,Excel Chart title https://t.co/7Yk8Xg8SNm #github #Python #TypeScript #HTML #SCSS #Dockerfile #JavaScript #Sass #Shell,"#Javascript , #Typescript",8,0
288,first_issues,Support colors in Avatar component https://t.co/bUdQpqDOIi #github #TypeScript #HTML #JavaScript #CSS #Shell,"#Javascript , #Typescript",8,0
289,first_issues,DarkThemeToggle component doesn't work when usePreferences is set to false https://t.co/XoadvGHZPx #github #TypeScript #HTML #JavaScript #CSS #Shell,"#Javascript , #Typescript",8,0
290,UtibeAbasiJacob,RT @first_issues: Extract function to process `MultiAddr` on `forwarder|inlet create` commands https://t.co/uL1swyWkfB #github #Solidity #T‚Ä¶,"#Javascript , #Typescript",2066,1
291,UtibeAbasiJacob,"RT @first_issues: [Git Actions] Node.js 12 actions are deprecated, replace with newer version https://t.co/p3cnP3zJpz #github #Solidity #Ty‚Ä¶","#Javascript , #Typescript",2066,1
292,UtibeAbasiJacob,RT @first_issues: Add logging to ease debugging https://t.co/VvVgLxCEkH #github #Solidity #TypeScript #Vyper #CSS #JavaScript,"#Javascript , #Typescript",2066,1
293,first_issues,Extract function to process `MultiAddr` on `forwarder|inlet create` commands https://t.co/uL1swyWkfB #github #Solidity #TypeScript #Vyper #CSS #JavaScript #PHP #Twig #Rich Text Format #Shell #Rust #Elixir #Shell #Erlang #TypeScript #Dockerfile #Makefile,"#Javascript , #Typescript",8,1
294,first_issues,"[Git Actions] Node.js 12 actions are deprecated, replace with newer version https://t.co/p3cnP3zJpz #github #Solidity #TypeScript #Vyper #CSS #JavaScript #PHP #Twig #Rich Text Format #Shell","#Javascript , #Typescript",8,1
295,first_issues,Add logging to ease debugging https://t.co/VvVgLxCEkH #github #Solidity #TypeScript #Vyper #CSS #JavaScript,"#Javascript , #Typescript",8,1
296,CoDailychalleng,"RT @AngularTrends: #NgRx Use Cases, Part I: Restricting Access #typescript #frontend #webdev #dormosheio #javascript #angular #frontenddev‚Ä¶","#Javascript , #Typescript",21,9
297,html_css_bot,"RT @first_issues: When a user's email is in the middle of being changed, the user profile page shows no sign of it https://t.co/lXE1yxF34D‚Ä¶","#Javascript , #Typescript",41,1
298,KarandikarMihir,"RT @_SeanGroff: I was laid off from my job this morning along with many other engineers.
I'm a senior frontend engineer/lead/manager/archit‚Ä¶","#Javascript , #Typescript",21534,51
299,first_issues,"When a user's email is in the middle of being changed, the user profile page shows no sign of it https://t.co/lXE1yxF34D #github #Ruby #ReScript #HTML #CSS #JavaScript #Dockerfile #Shell #TypeScript #Procfile","#Javascript , #Typescript",8,1
