,User,Tweet
0,FRCretweets,"RT @botdmtktwo: JS for Dummies
&gt;&gt;&gt; https://t.co/0lcaWV0Drx
Sign Up
&gt;&gt;&gt; https://t.co/r88bINalol

#ML #DataScience #SQL #AWS #PHP #Cybersecurâ€¦"
1,Encleine,"god javascript is so shit,"
2,iamaBOT53933004,"RT @botdmtktwo: JS for Dummies
&gt;&gt;&gt; https://t.co/0lcaWV0Drx
Sign Up
&gt;&gt;&gt; https://t.co/r88bINalol

#ML #DataScience #SQL #AWS #PHP #Cybersecurâ€¦"
3,KekeliDEV,starting my next contract on monday. super excited for a new gig and a big move to the SLC area soon. any meetups soon? #codenewbie #saltlakecity #javascript #frontend #webdevelopment
4,Grimmmy_Cuh21,#WomenWhoCode #javascript #PyTorch #NFT #Python #java #100daysofcode #coding #BabaTheArtist #PesaMfukoni #MtKenyaUnderRuto #UCL #MUNSOU #CHEPAL #MensConference2022 #MUNBHA #Bayern #JKLive #SALFCB #PSGRMA #InterLiverpool bayern Kalonzo #INTLIV congo #u9
5,iamaBOT53933004,RT @GigsonHac: #infosec #CyberSecurity #Hacking #cyber #info security #arduinolove #Arduino #cyberattack #Linux #MachineLearning #DataAnalyâ€¦
6,im_glic,RT @Gui25BR: Foi o Javascript que me deu ! https://t.co/AXTkgFNNlL
7,gui_lonely08,@burraookk JAVASCRIPT KKKKKKKKKKKKKKK
8,alljstweet,"RT @javascript_fan: 9 Best Vue Player/Video Player Components for Your App
#vuejs #Vue #javascript #vuevideoplayer #videoplayercomponentsâ€¦"
9,mrivera_jose,"RT @javascript_fan: 9 Best Vue Player/Video Player Components for Your App
#vuejs #Vue #javascript #vuevideoplayer #videoplayercomponentsâ€¦"
10,horumont,"#ã¡ã‚‡ã„æœæ´»ã€€#ãµã‚Šã‹ãˆã‚Šã€€
CWæ¡ˆä»¶ã®ä½œæ¥­ã€‚ã“ã‚ã‚“ã§ã‚‚ãŸã ã§ã¯èµ·ããªã„ã€‚VSCodeã®æ–°ã—ã„æ“ä½œè¦šãˆãŸğŸ’ª

æ˜¨æ—¥ã®å¤œã€å…ˆæ—¥æ¥é–¢ã‚ã£ã¦ã„ã‚‹ãƒãƒ¼ãƒ ã§ã‚ªãƒ³ãƒ©ã‚¤ãƒ³ã§é¡”åˆã‚ã›ã€‚ã¿ãªã•ã‚“ãŠè‹¥ã„äººãŸã¡ã§ã—ãŸãŒã€å­¦ã¶ã“ã¨å¤šãã†ã€‚#JavaScript ã«ã¤ã„ã¦ã¯ã€ã‚ã‚‹ç¨‹åº¦è²¢çŒ®ã§ããã†ã§ã™ã€‚"
11,Keyboard_Sniper,"RT @EverydayKiiara: ï£¿ When I Was Today Years Old
#100DaysOfCode #CyberSecurity
#Python #IoT #IIoT #PyTorch #Ad
#JavaScript #ReactJS #WordPrâ€¦"
12,Majeedkh89,"RT @BDAnalyticsnews: Algorithms in Decision making

#ArtificialIntelligence #AI #ML #DataScience #DataScientists #CodeNewbies #Tech #deepleâ€¦"
13,DappUser,"RT @MentorWebDev: Sites to Learn HTML, CSS, and Javascript for FREE

âœ… tutsplus. com
âœ… youtube. com
âœ… sololearn. com
âœ… javascript. com
âœ… prâ€¦"
14,war10ckdgrapher,"RT @PrasoonPratham: Don't waste your time.

2022 ends in 58 days, start learning Python and JavaScript.

There are many opportunities in arâ€¦"
15,jotaeme224,"RT @midudev: Juegos para APRENDER a PROGRAMAR:

Python â†’ https://t.co/PKyTuT6WDM
JavaScript â†’ https://t.co/39fpTRabAO
SQL â†’ https://t.co/BIâ€¦"
16,AskamRobert,"RT @botdmtktwo: JS for Dummies
&gt;&gt;&gt; https://t.co/0lcaWV0Drx
Sign Up
&gt;&gt;&gt; https://t.co/r88bINalol

#ML #DataScience #SQL #AWS #PHP #Cybersecurâ€¦"
17,aiworldon,"RT @AcademicsAplus: For quality assignment help,DM us
#Essays
#Research
Exams
#Onlineclass
#Calculus
Chemistry
#Thesis
#Law
Finance
#Economâ€¦"
18,RTRblxBot,"RT @AdamM55563945: #worksmarter #notharder click here https://t.co/PbMXA0lhNB
#DALS12 #PSG
#Quebec #Annecy_live #RobloxDev #SciComm #Prograâ€¦"
19,infiniteKiiara,"RT @EverydayKiiara: ï£¿ When I Was Today Years Old
#100DaysOfCode #CyberSecurity
#Python #IoT #IIoT #PyTorch #Ad
#JavaScript #ReactJS #WordPrâ€¦"
20,komadoricoco,"ğŸŒ„æœæ´»107æ—¥ç›®
ãƒ»Progateã€JavaScriptã€‘
ãƒ»ã‹ãªå…¥åŠ›ç·´ç¿’

6æ™‚ã«èµ·ãã¡ã‚ƒã„ã¾ã—ãŸğŸ’¦
æœæ´»ã©ã†ã—ã‚ˆã†ã‹ãªï½ã¨ä¸€ç¬è€ƒãˆãŸã‘ã©
ã§ãã‚‹ã“ã¨ã‚’ã—ã‚ˆã†ã€ã¨æ€ã„ç›´ã—
ã¡ã‚‡ã£ã¨ã ã‘æ´»å‹•

ä»Šæ—¥ã¯ãƒ¯ãƒ³ã‚ªãƒšã ï½ï¼
ã®ã‚“ã³ã‚Šè¡Œã“ã†ğŸ˜‡"
21,MenePrecious3,"RT @NEARProtocol: Imagine yourself building fast, scalable, and user-friendly decentralized applications using #JavaScript. 

That dream isâ€¦"
22,benny_flay,"RT @dev__steve: JavaScript TIPğŸš€

Get unique values from an array like this:
1.Using Set Object
2.Filter Function https://t.co/rIVcmQSbBV"
23,realrubberduck1,"RT @EverydayKiiara: ï£¿ When I Was Today Years Old
#100DaysOfCode #CyberSecurity
#Python #IoT #IIoT #PyTorch #Ad
#JavaScript #ReactJS #WordPrâ€¦"
24,realrubberduck1,"RT @EverydayKiiara: ï£¿ When I Was Today Years Old
#100DaysOfCode #CyberSecurity
#Python #IoT #IIoT #PyTorch #Ad
#JavaScript #ReactJS #WordPrâ€¦"
25,rlope_z,"RT @PrasoonPratham: Don't waste your time.

2022 ends in 58 days, start learning Python and JavaScript.

There are many opportunities in arâ€¦"
26,prot_gs,"RT @Sheeeeepla: JavaScriptã€Œstringify/parseã§ã™ã€
Goã€ŒMarshal/Unmarshalã§ã™ã€
C#ã€ŒSerialize/Deserializeã§ã™ã€
Pythonã€Œdump/loadã§ã™ã€"
27,IlolojiNuel,"RT @Kynsofficial: Congratulations, you are seeing this Tweet; here is a life-changing opportunity to transition into tech this year; we wilâ€¦"
28,datasciencebot_,"RT @Prowrit72896426: Hire PAPER WRITING SERVICES 
English
#essaypay
Math
Chem
#assignment due
Economics
#javascript
#Algebra
#homework
#Psyâ€¦"
29,bttbot,"RT @MLS_Agent_2: ğŸ‘¨ğŸ»â€ğŸš’ Report and block 
#DataAnalytics #MachineLearning #CyberSecurity #DataScience #MLS #PyTorch #Python #TensorFlow #AI #â€¦"
30,bttbot,"RT @MLS_Agent_2: ğŸ‘¨ğŸ»â€ğŸš’ Report and block 
#DataAnalytics #MachineLearning #CyberSecurity #DataScience #MLS #PyTorch #Python #TensorFlow #AI #â€¦"
31,Harixomxsingh,RT @RickHunter7: I made this with Javascript https://t.co/1ErDfAuFlE
32,rahul05ranjan,"RT @botdmtktwo: JS for Dummies
&gt;&gt;&gt; https://t.co/0lcaWV0Drx
Sign Up
&gt;&gt;&gt; https://t.co/r88bINalol

#ML #DataScience #SQL #AWS #PHP #Cybersecurâ€¦"
33,ServerlessFan,"RT @botdmtktwo: JS for Dummies
&gt;&gt;&gt; https://t.co/0lcaWV0Drx
Sign Up
&gt;&gt;&gt; https://t.co/r88bINalol

#ML #DataScience #SQL #AWS #PHP #Cybersecurâ€¦"
34,in_stemm,"RT @MinuteArticle: Is #CloudComputing gaining momentum with #business migrating to #Cloud?
#minutearticle #python #javascript #java #100Dayâ€¦"
35,botdmtktwo,"JS for Dummies
&gt;&gt;&gt; https://t.co/0lcaWV0Drx
Sign Up
&gt;&gt;&gt; https://t.co/r88bINalol

#ML #DataScience #SQL #AWS #PHP #Cybersecurity #BigData #Analytics #AI #IIoT #Python #RStats #JavaScript #ReactJS #Serverless #DataScientist #Linux #Programming #Coding #100DaysofCode #NodeJS #GitHub"
36,presstorun,"RT @MinuteArticle: Is #CloudComputing gaining momentum with #business migrating to #Cloud?
#minutearticle #python #javascript #java #100Dayâ€¦"
37,2Bftawfik,RT @GigsonHac: #infosec #CyberSecurity #Hacking #cyber #info security #arduinolove #Arduino #cyberattack #Linux #MachineLearning #DataAnalyâ€¦
38,GigsonHac,"#infosec #CyberSecurity #Hacking #cyber #info security #arduinolove #Arduino #cyberattack #Linux #MachineLearning #DataAnalytics #snapchatdown #100DaysOfCode #100daysofcodechallenge #Python #javascript #AI #webdevelopment #twitter #ETH, https://t.co/JOIWOcYOso"
39,AcademicsAplus,"Get 24hr assignment help in:
pay homework
pay coursework
pay essay
pay someone
pay write
pay biology
pay dissertation 
pay research
pay paper due
pay math
pay physics

#GramFam #Ncat #NodeJS #IoT #Python #javascript #Econometrics #webdev #DEVCommunity #AcademicChatter #cengage
DM https://t.co/fqa6XSb5XU"
40,TatarinFrontend,RT @MarinaKolmykova: ĞĞ°ÑˆĞ»Ğ° ĞºĞ¾Ğ½ÑĞ¿ĞµĞºÑ‚Ñ‹ Ğ¿Ğ¾ HTML Ğ¸ JavaScript Ğ¸Ğ· 2009 Ğ³Ğ¾Ğ´Ğ°. Ğ’ 13-14 Ğ»ĞµÑ‚ ÑƒÑ‡Ğ¸Ğ»Ğ°ÑÑŒ Ğ¿Ğ¾ Ğ±ÑƒĞ¼Ğ°Ğ¶Ğ½Ñ‹Ğ¼ ĞºĞ½Ğ¸Ğ³Ğ°Ğ¼ Ğ¸ Ğ¿Ğ¸Ğ»Ğ¸Ğ»Ğ° ÑĞ²Ğ¾Ğ¹ ÑĞ°Ğ¹Ñ‚. ĞšĞ°Ğº Ğ¶Ğµ Ğ¼â€¦
41,ServerlessFan,"RT @Gregory_essays: Hello, do you need assistance with your homework?
Biology
Chemistry
Physics
Accounting
Physiology
Pharmacology
Biochemiâ€¦"
42,Gregory_essays,"Hello, do you need assistance with your homework?
Biology
Chemistry
Physics
Accounting
Physiology
Pharmacology
Biochemistry
Englishs
Math
Ecology
Anatomy
Essay
Clas

#Python #data #AI #CodeNewbies #100DaysOfCode  #programming 
#javascript #Serverless #Philippines 
Hit our Bio ğŸ“©"
43,rahul05ranjan,"RT @MLS_Agent_2: ğŸ‘¨ğŸ»â€ğŸš’ Report and block 
#DataAnalytics #MachineLearning #CyberSecurity #DataScience #MLS #PyTorch #Python #TensorFlow #AI #â€¦"
44,ServerlessFan,"RT @MLS_Agent_2: ğŸ‘¨ğŸ»â€ğŸš’ Report and block 
#DataAnalytics #MachineLearning #CyberSecurity #DataScience #MLS #PyTorch #Python #TensorFlow #AI #â€¦"
45,2Bftawfik,"RT @AcademicsAplus: This Fall, let's handle your:-
#Assignments
#Calculus
#Homework
#Fallclasses
#Onlineclass
#Finance
#Accounting
#Essayduâ€¦"
46,_ItsMeVicky,"RT @midudev: Juegos para APRENDER a PROGRAMAR:

Python â†’ https://t.co/PKyTuT6WDM
JavaScript â†’ https://t.co/39fpTRabAO
SQL â†’ https://t.co/BIâ€¦"
47,MLS_Agent_2,"ğŸ‘¨ğŸ»â€ğŸš’ Report and block 
#DataAnalytics #MachineLearning #CyberSecurity #DataScience #MLS #PyTorch #Python #TensorFlow #AI #JavaScript #ReactJS #Flutter #NFT #Programming #Coding #Serverless #100DaysofCode #DEVCommunity #opensource #BlackTechTwitter 
#Serverless @ShadyRecords https://t.co/SElGGRp4gT"
48,MeshboxTo,"RT @jointjs: How to write a simple JSON visualizer?

With the JointJS+ JavaScript diagramming library, you can use TreeLayout to automaticaâ€¦"
49,AcademicsAplus,"This Fall, let's handle your:-
#Assignments
#Calculus
#Homework
#Fallclasses
#Onlineclass
#Finance
#Accounting
#Essaydue
#Engineering
#Music
#Art
#Nursing
#Law
#Javascript
#Python
#Programming

#Fallsemester
#CodeNewbies 
#100daysofcode
#AI
#WebDev

#Aleks #Pearson #Canvas #ncat https://t.co/mj5xjHXn08"
50,HeeKyunYun1,RT @kadena_io: The Kadena.js team has worked hard and created a library that allows #Javascript / Typescript users to easily interact withâ€¦
51,EmaaLJN,"RT @midudev: Juegos para APRENDER a PROGRAMAR:

Python â†’ https://t.co/PKyTuT6WDM
JavaScript â†’ https://t.co/39fpTRabAO
SQL â†’ https://t.co/BIâ€¦"
52,edisonjscode,"RT @fikafuntimes: ğŸ¦‹Hey #cSuite: AI Wonâ€™t Save You! by @hessiejones in @TDataScience

#AI #ML #Python #techÂ 
#data #coding #javascriptÂ 
#Femâ€¦"
53,rahul05ranjan,"RT @fikafuntimes: ğŸ¦‹Hey #cSuite: AI Wonâ€™t Save You! by @hessiejones in @TDataScience

#AI #ML #Python #techÂ 
#data #coding #javascriptÂ 
#Femâ€¦"
54,ServerlessFan,"RT @fikafuntimes: ğŸ¦‹Hey #cSuite: AI Wonâ€™t Save You! by @hessiejones in @TDataScience

#AI #ML #Python #techÂ 
#data #coding #javascriptÂ 
#Femâ€¦"
55,AcademicsAplus,"For quality assignment help,DM us
#Essays
#Research
Exams
#Onlineclass
#Calculus
Chemistry
#Thesis
#Law
Finance
#Economics
Stas
#Accounting

#MachineLearning
#DataScience
#Python #Cybersecurity #BigData #AI #IoT #DeepLearning
 #NLP
#javascript
#robots

Hit our Bio for More info:) https://t.co/VlYcgMP6CP"
56,fikafuntimes,"ğŸ¦‹Hey #cSuite: AI Wonâ€™t Save You! by @hessiejones in @TDataScience

#AI #ML #Python #techÂ 
#data #coding #javascriptÂ 
#FemTech #Flutter #React #reactjs #Serverless #Linux #100DaysOfCodeÂ 
#100DaysOfMLCode
#WomenWhoCode
 https://t.co/WBRWjUqzSM"
57,PyScaleLLC,"RT @AcademicsAplus: Hello, do you need assistance with your homework??
Biology
Chemistry
Physics
Accounting
Physiology
Pharmacology
Biochemâ€¦"
58,PyScaleLLC,"RT @AcademicsAplus: Hello, do you need assistance with your homework?
Biology
Chemistry
Physics
Accounting
Physiology
Pharmacology
Biochemiâ€¦"
59,PyScaleLLC,"RT @fikafuntimes: â–¶ï¸The Concept of Transformers and Training A Transformers Model by Ayoola Olafenwa.

#AI #ML #Python #NLP
#data #coding #â€¦"
60,rahul05ranjan,"RT @fikafuntimes: â–¶ï¸The Concept of Transformers and Training A Transformers Model by Ayoola Olafenwa.

#AI #ML #Python #NLP
#data #coding #â€¦"
61,ServerlessFan,"RT @fikafuntimes: â–¶ï¸The Concept of Transformers and Training A Transformers Model by Ayoola Olafenwa.

#AI #ML #Python #NLP
#data #coding #â€¦"
62,SanyaoluJoseph5,RT @Iampvn37: Day-20 of #100daysofcoding  #Coding #consistency #javascript #ReactJS  #programming #reactnative #reactjsdeveloper #100daysofâ€¦
63,ServerlessFan,"RT @AcademicsAplus: Hello, do you need assistance with your homework?
Biology
Chemistry
Physics
Accounting
Physiology
Pharmacology
Biochemiâ€¦"
64,fikafuntimes,"â–¶ï¸The Concept of Transformers and Training A Transformers Model by Ayoola Olafenwa.

#AI #ML #Python #NLP
#data #coding #javascriptÂ 
#FemTech #Flutter #React #reactjs #Serverless #Linux #100DaysOfCodeÂ 
#100DaysOfMLCode
#WomenWhoCode
 https://t.co/znDSRJFrDl"
65,AcademicsAplus,"Hello, do you need assistance with your homework?
Biology
Chemistry
Physics
Accounting
Physiology
Pharmacology
Biochemistry
Englishs
Math
Ecology
Anatomy
Essay
Clas

#Python #data #AI #CodeNewbies #100DaysOfCode  #programming 
#javascript #Serverless #Philippines 
Hit our Bio ğŸ“© https://t.co/PDZW6wi3Rk"
66,SebasGibbor,"RT @midudev: Juegos para APRENDER a PROGRAMAR:

Python â†’ https://t.co/PKyTuT6WDM
JavaScript â†’ https://t.co/39fpTRabAO
SQL â†’ https://t.co/BIâ€¦"
67,kei_oldman,"ãƒ—ãƒ­ã‚°ãƒ©ãƒŸãƒ³ã‚°å‹‰å¼·ï¼‘ï¼ï¼æ—¥ç›®ï¼ï¼
javascriptã®ã‚¯ãƒ©ã‚¹ã¨ã¯
ãƒ»ã‚ªãƒ–ã‚¸ã‚§ã‚¯ãƒˆã‚’é‡ç”£ã§ãã‚‹è¨­è¨ˆå›³ã®ã‚ˆã†ãªã‚‚ã®
ãƒ»ã€Œclass ã‚¯ãƒ©ã‚¹åã€ã¨ã™ã‚‹ã“ã¨ã§æ–°ã—ãã‚¯ãƒ©ã‚¹ã‚’ç”¨æ„ã§ãã‚‹ã€‚ãªãŠã€ã‚¯ãƒ©ã‚¹åã¯åŸºæœ¬çš„ã«å¤§æ–‡å­—ã‹ã‚‰å§‹ã‚ã‚‹ã‚ˆã†ã«ã™ã‚‹ https://t.co/IX6CPeSQNf"
68,ServerlessFan,"RT @AcademicsAplus: Hello, do you need assistance with your homework??
Biology
Chemistry
Physics
Accounting
Physiology
Pharmacology
Biochemâ€¦"
69,1000dayscodingb,"RT @DomainFQ: .
Domain Name For Sale 

https://t.co/GXF5eETgNh

#Bakersbest #baker #baking #cake #bakery #homemade #cakes #100DaysOfCode #jâ€¦"
70,L4lves,"@danielhe4rt javascript no back Ã© coisa linda, paizÃ£o ahsuahsuahsuahsaus"
71,AcademicsAplus,"Hello, do you need assistance with your homework??
Biology
Chemistry
Physics
Accounting
Physiology
Pharmacology
Biochemistry
English,
Math
Ecology
Anatomy
Essays
Online classes

#Python #data #AI #CodeNewbies #100DaysOfCode  #programming 
#javascript #Serverless 
Hit our Bio ğŸ“© https://t.co/o7rLfbc10r"
72,ServerlessFan,"RT @EverydayKiiara: ï£¿ When I Was Today Years Old
#100DaysOfCode #CyberSecurity
#Python #IoT #IIoT #PyTorch #Ad
#JavaScript #ReactJS #WordPrâ€¦"
73,Writeracademic_,"Guaranteed A's in:
#Essays
Exams
#Sociology
#Thesis
Assignment
#Homework
#Stats
Term paper
#Research
PHYSICS
Chemistry
Business
Project
History 
#Onlineclass
Biology
Psychology

#100DaysOfCode
#javascript
#coding
#programming 
#DataScience"
74,BolhaDevs,RT @DoisKappa: javascript Ã© muito ruim vsf n aguento mais
75,EverydayKiiara,"ï£¿ When I Was Today Years Old
#100DaysOfCode #CyberSecurity
#Python #IoT #IIoT #PyTorch #Ad
#JavaScript #ReactJS #WordPress #Security #DeFi #BTSV #DevOps
@KIIARA #fintech #insurtech #AI
#finserv #datavis #infosec #Web3
#Roblox #Flutter #HTML #Azure
#BlackTechTwitter #Serverless https://t.co/gpekJWDlaR https://t.co/e4vzbpPPZp"
76,Prowrit72896426,"RT @Prowrit72896426: Hire PAPER WRITING SERVICES 
English
#essaypay
Math
Chem
#assignment due
Economics
#javascript
#Algebra
#homework
#Psyâ€¦"
77,MarinaKolmykova,ĞĞ°ÑˆĞ»Ğ° ĞºĞ¾Ğ½ÑĞ¿ĞµĞºÑ‚Ñ‹ Ğ¿Ğ¾ HTML Ğ¸ JavaScript Ğ¸Ğ· 2009 Ğ³Ğ¾Ğ´Ğ°. Ğ’ 13-14 Ğ»ĞµÑ‚ ÑƒÑ‡Ğ¸Ğ»Ğ°ÑÑŒ Ğ¿Ğ¾ Ğ±ÑƒĞ¼Ğ°Ğ¶Ğ½Ñ‹Ğ¼ ĞºĞ½Ğ¸Ğ³Ğ°Ğ¼ Ğ¸ Ğ¿Ğ¸Ğ»Ğ¸Ğ»Ğ° ÑĞ²Ğ¾Ğ¹ ÑĞ°Ğ¹Ñ‚. ĞšĞ°Ğº Ğ¶Ğµ Ğ¼Ğ¾Ñ‰Ğ½Ğ¾ Ñ ÑĞ»Ğ¸Ğ»Ğ° ĞºĞ°Ñ€ÑŒĞµÑ€Ñƒ Ñ„Ñ€Ğ¾Ğ½Ñ‚ĞµĞ½Ğ´ĞµÑ€Ğ°! https://t.co/CUyp4CJ07K
78,Prowrit72896426,"RT @Prowrit72896426: Pay us to do or write your 
#Assignments 
#calculus 
#homework
#Homeworkhelp 
#summerclasses 
#Onlineclass 
#essayhelpâ€¦"
79,AcademicsAplus,"This Fall, let's handle your:-
#Assignments
#Calculus
#Homework
#Fallclasses
#Onlineclass
#Finance
#Accounting
#Essaydue
#Engineering
#Music
#Art
#Nursing
#Law
#Javascript
#Python
#Programming

#Fallsemester
#CodeNewbies 
#100daysofcode
#AI
#WebDev
Hit our Bio for More info:) https://t.co/3ccp3m6gjk"
80,prodigies_hub1,"Get online class exam help in
#Paper
#python
#homeworkdue 
#chemistry
#Onlineclass
#Essaypay
#Econometrics
#Statistics
#homework
#essaywrite
#Essayhelp
#Casestudy
#Javascript
#Maths 
#Philosophy
#Calculus 
#Repair

#UK #USA #UAE #SAUDIARABIA #KUWAIT #CANADA #AUSTRALIA #NEWZEALAND"
81,TheSecretJunio1,"RT @botdmtktwo: 900+ courses from...

https://t.co/6CogyvMLIi

#MachineLearning #Python #AI #100DaysOfCode #cloud #DEVCommunity
#IoT #fluttâ€¦"
82,TheSecretJunio1,"RT @AdamM55563945: Click here https://t.co/PbMXA0CkPB
#GitHub #Python #BlackTechTwitter #ArtificialIntelligence #RStats #React 
#100DaysOfCâ€¦"
83,TheSecretJunio1,"RT @AdamM55563945: Click here https://t.co/PbMXA0CkPB
#GitHub #Python #BlackTechTwitter #ArtificialIntelligence #RStats #React 
#100DaysOfCâ€¦"
84,TheSecretJunio1,"RT @botdmtktwo: 900+ courses from...

https://t.co/6CogyvMLIi

#MachineLearning #Python #AI #100DaysOfCode #cloud #DEVCommunity
#IoT #fluttâ€¦"
85,TheSecretJunio1,"RT @botdmtktwo: 900+ courses from...

https://t.co/6CogyvMLIi

#MachineLearning #Python #AI #100DaysOfCode #cloud #DEVCommunity
#IoT #fluttâ€¦"
86,TheSecretJunio1,"RT @botdmtktwo: 900+ courses from...

https://t.co/6CogyvMLIi

#MachineLearning #Python #AI #100DaysOfCode #cloud #DEVCommunity
#IoT #fluttâ€¦"
87,TheSecretJunio1,"RT @botdmtktwo: 900+ courses from...

https://t.co/6CogyvMLIi

#MachineLearning #Python #AI #100DaysOfCode #cloud #DEVCommunity
#IoT #fluttâ€¦"
88,TheSecretJunio1,"RT @AdamM55563945: Click here https://t.co/PbMXA0CkPB
#GitHub #Python #BlackTechTwitter #ArtificialIntelligence #RStats #React 
#100DaysOfCâ€¦"
89,TheSecretJunio1,"RT @AdamM55563945: Click here https://t.co/PbMXA0CkPB
#GitHub #Python #BlackTechTwitter #ArtificialIntelligence #RStats #React 
#100DaysOfCâ€¦"
90,Prowrit72896426,"RT @Prowrit72896426: Need urgent help with your assignments due?
#Anatomy
#Psychology
#Homework due
#Biology.
#Microbiology
#Immunology
#Heâ€¦"
91,presstorun,"RT @Stanleyhacks2: Inbox me for any hacking services
Available 24/7
#instagram #USA #Hacked #hackedaccount
#javascript #Java #Python #NodeJâ€¦"
92,StelibanY,@burraookk JAVASCRIPT KKKKK
93,Prowrit72896426,"RT @Prowrit72896426: Trying to beat the deadline ğŸ¤”ğŸ˜¥
Worry no more we gat you covered in:
 #onlineclass  #Pay essay #javascript #Casestudy #â€¦"
94,ServerlessFan,"RT @Essays__Help: Guaranteed A's in:
#Essays
Exams
#Sociology
#Thesis
Assignment
#Homework
#Stats
Term paper
#Research
PHYSICS
Chemistry
Buâ€¦"
95,Essays__Help,"Guaranteed A's in:
#Essays
Exams
#Sociology
#Thesis
Assignment
#Homework
#Stats
Term paper
#Research
PHYSICS
Chemistry
Business
Project
History 
#Onlineclass
Biology
Psychology

#100DaysOfCode
#javascript
#coding
#programming 
#DataScience
#Serverless
Hit our DMğŸ“© for More info:) https://t.co/3rEMhYKERW"
96,ServerlessFan,"RT @AcademicsAplus: Guaranteed A's in:
#Essays
Exams
#Sociology
#Thesis
Assignment
#Homework
#Stats
Term paper
#Research
PHYSICS
Chemistryâ€¦"
97,Jeffrey_MacAsk,"Once upon a time, C the awesome programming language set sail for adventures. C found an ancient book and opened it.  As C read, the book told an enchanting tale: Once upon a time, Javascript the professional difficult language set sail for adventures. Javascript went home."
98,ServerlessFan,"RT @AcademicsAplus: We are reliable to offer you A grade in your;
âœ“nursing
âœ“essays
âœ“chemistry
âœ“finance
âœ“physics
âœ“biology
âœ“physics
âœ“chemistrâ€¦"
99,AcademicsAplus,"Guaranteed A's in:
#Essays
Exams
#Sociology
#Thesis
Assignment
#Homework
#Stats
Term paper
#Research
PHYSICS
Chemistry
Business
Project
History 
#Onlineclass
Biology
Psychology

#100DaysOfCode
#javascript
#coding
#programming 
#DataScience
#Serverless
Hit our DMğŸ“© for More info:) https://t.co/OoqgLtwIlP"
100,hubofml,"RT @botdmtktwo: 900+ courses from...

https://t.co/6CogyvMLIi

#MachineLearning #Python #AI #100DaysOfCode #cloud #DEVCommunity
#IoT #fluttâ€¦"
101,avax_coin,"RT @avalanche_fr: ÃŠtes-vous un dÃ©veloppeur de jeux qui a eu du mal Ã  rÃ©pondre Ã  la question suivante : ""Comment dÃ©ployer un jeu sur la blocâ€¦"
102,AcademicsAplus,"We are reliable to offer you A grade in your;
âœ“nursing
âœ“essays
âœ“chemistry
âœ“finance
âœ“physics
âœ“biology
âœ“physics
âœ“chemistry
âœ“algebra
âœ“calculus
âœ“essay pay
âœ“Assignment due

#100DaysOfCode
#WomenWhoCode
#javascript
#Python
#Serverless
#Asu #IoT
Hit our Bio for More info:) https://t.co/SH6JPKZ9hw"
103,wpbot_rt,"RT @MLS_Agent_2: ğŸ‘¨ğŸ»â€ğŸš’ Troll Patrol @eminem08989
#100DaysOfCode #CyberSecurity
#Python #IoT #IIoT #PyTorch #MLS 
#JavaScript #ReactJS #WordPâ€¦"
104,magnifintech,"RT @botdmtktwo: 900+ courses from...

https://t.co/6CogyvMLIi

#MachineLearning #Python #AI #100DaysOfCode #cloud #DEVCommunity
#IoT #fluttâ€¦"
105,DoisKappa,javascript Ã© muito ruim vsf n aguento mais
106,ServerlessFan,"RT @MLS_Agent_2: ğŸ‘¨ğŸ»â€ğŸš’ Troll Patrol @eminem08989
#100DaysOfCode #CyberSecurity
#Python #IoT #IIoT #PyTorch #MLS 
#JavaScript #ReactJS #WordPâ€¦"
107,MLS_Agent_2,"ğŸ‘¨ğŸ»â€ğŸš’ Troll Patrol @eminem08989
#100DaysOfCode #CyberSecurity
#Python #IoT #IIoT #PyTorch #MLS 
#JavaScript #ReactJS #WordPress #Security #DeFi #BTSV #DevOps #fintech #insurtech @ShadyRecords 
#finserv #infosec #Web3 #Roblox 
#Flutter #HTML #Azure #Serverless 
#BlackTechTwitter https://t.co/FWl6Vv8Hmb"
108,script_trend,"RT @ginacostag_: SQL Query Execution Order

#BigData #Analytics #DataScience #AI #MachineLearning #IoT #PyTorch #Python #RStats #TensorFlowâ€¦"
109,codedailybot,"RT @AcademicsAplus: This Fall, let's handle your:-
#Assignments
#Calculus
#Homework
#Fallclasses
#Onlineclass
#Finance
#Accounting
#Essayduâ€¦"
110,codedailybot,"RT @RomanaBezdekova: #100DaysOfCode 
Continued with coding of HTML, CSS and JavaScript."
111,datasciencebot_,"RT @OnlineAssignm19: Pay us to handle your:
English
#essaypay
Math
Chem
#assignment due
#javascript
Algebra
homework
#Psychology
#WomenWhoCâ€¦"
112,datasciencebot_,"RT @AcademicsAplus: For quality assignment help,DM us
#Essays
#Research
Exams
#Onlineclass
#Calculus
Chemistry
#Thesis
#Law
Finance
#Economâ€¦"
113,magnifintech,"RT @AdamM55563945: 3 step blueprint click here
https://t.co/PbMXA0lhNB
#Data #Bigdata #Skills #Business #Analytics #Python #javascript #Proâ€¦"
114,RobloxRTer,"RT @AdamM55563945: #worksmarter #notharder click here https://t.co/PbMXA0lhNB
#DALS12 #PSG
#Quebec #Annecy_live #RobloxDev #SciComm #Prograâ€¦"
115,PDH_Metaverse,"Breaking #Metaverse News via @hackernoon 

ğŸ® What We Learned About Blockchain Gaming in Q3 ğŸ‘€ https://t.co/t8LJY4lXzK 

#Blockchain #Crypto #innovation #NFT #NFTCommunity #DataScience #BigData #Analytics #ML #AI #digital #Python #TensorFlow #Fintech #JavaScript #Coding #NLP #VR"
116,ancreatures,"RT @ScalarSolutions: Kick-Start Your Career In Cloud Computing! 
https://t.co/uYMxcz6acM 
#DataScience #DataVisualization #100DaysOfCode #hâ€¦"
117,Prowrit72896426,"Trying to beat the deadline ğŸ¤”ğŸ˜¥
Worry no more we gat you covered in:
 #onlineclass  #Pay essay #javascript #Casestudy #Desertation #Payhomework 
#maths 
#chemistry #statistics 
#business #Nursing #History
#Physics #pay assignment https://t.co/Miu37SLXoB"
118,Insurtrek,"RT @AdamM55563945: Click https://t.co/PbMXA0lhNB
#Python #IoT #IIoT #PyTorch #Ad #JavaScript #ReactJS #WordPress #Security #DeFi #100DaysOfâ€¦"
119,AcademicsAplus,"Do you need help in;
#python
#homeworkdue
#chemistry
#Onlineclass
#Essaypay
#economics
#Statistics
#homework
#essaywrite
#Essayhelp
#Geography
#Casestudy
#javascript
#Maths
#Philosophy
#Calculus
#Assignmentdue
#Essay
#Essaydue
#finals
#100DaysOfCode 
Hit our Bio for More info:)"
120,tapeli_fulani,"RT @PythonPr: APIs Tutorial for Beginners - What, Why and How to Use an API?
#api #webdev #python #javascript #web #webdev 
https://t.co/n3â€¦"
121,betterways_dev,"RT @akoskm: Why do JavaScript developers joke about the immense amount of JavaScript packages some projects use?

A new package is: 
 ğŸ”¹ Anoâ€¦"
122,DavyWaters,"RT @digitalhealthxx: #Infographic: Top #Python Topics
Via @ingliguori
#MachineLearning #DataScience #SQL #Cybersecurity #BigData #Analyticsâ€¦"
123,magnifintech,"RT @AdamM55563945: Click https://t.co/PbMXA0lhNB
#Python #IoT #IIoT #PyTorch #Ad #JavaScript #ReactJS #WordPress #Security #DeFi #100DaysOfâ€¦"
124,alljstweet,"RT @AcademicsAplus: For quality assignment help,DM us
#Essays
#Research
Exams
#Onlineclass
#Calculus
Chemistry
#Thesis
#Law
Finance
#Economâ€¦"
125,AcademicsAplus,"RT @AcademicsAplus: For quality assignment help,DM us
#Essays
#Research
Exams
#Onlineclass
#Calculus
Chemistry
#Thesis
#Law
Finance
#Economâ€¦"
126,AcademicsAplus,"RT @AcademicsAplus: Hello, do you need assistance with your homework?
Biology
Chemistry
Physics
Accounting
Physiology
Pharmacology
Biochemiâ€¦"
127,kaito80809,"Progate JavaScript å­¦ç¿’ãƒ¬ãƒƒã‚¹ãƒ³ â…¤ã®é€”ä¸­ã¾ã§é€²ã‚ãŸ

ãƒ•ã‚¡ã‚¤ãƒ«ã®åˆ†å‰²ã€ã‚¤ãƒ³ãƒãƒ¼ãƒˆã€ã‚¨ã‚¯ã‚¹ãƒãƒ¼ãƒˆã€ç›¸å¯¾ãƒ‘ã‚¹
ã‚³ãƒ¼ãƒ‰è‡ªä½“ã¯é›£ã—ããªã‹ã£ãŸã‘ã©ã€ç›¸å¯¾ãƒ‘ã‚¹ã§å°‘ã—ç†è§£ã™ã‚‹ã®ã«æ‰‹é–“å–ã£ãŸğŸ˜…

ä½œæ¥­æ™‚é–“ï¼‘æ™‚é–“ï¼’ï¼åˆ†"
128,p5tbot1,"RT @pointiago: âœ…Mint Open

This work is the result of my pleasant collaboration with @407Atelie

Project Name: Geometrical
on 
@fx_hash_

Eâ€¦"
129,AcademicsAplus,"RT @AcademicsAplus: Hello, do you need assistance with your homework??
Biology
Chemistry
Physics
Accounting
Physiology
Pharmacology
Biochemâ€¦"
130,web3_247,"Web3 JS Tutorial for Blockchain Developers

If you want to get into Web3 development and start building dapps, youâ€™re in the right place, as this comprehensive Web3 JavaScript tutorial breaks down the entire process of creating a dapp using JavaScript (JS) from scratch. In aâ€¦ https://t.co/1mKyLKU2N7"
131,AcademicsAplus,"RT @AcademicsAplus: This Fall, let's handle your:-
#Assignments
#Calculus
#Homework
#Fallclasses
#Onlineclass
#Finance
#Accounting
#Essayduâ€¦"
132,_reactdev,"RT @AdamM55563945: 3 step blueprint click here
https://t.co/PbMXA0lhNB
#Data #Bigdata #Skills #Business #Analytics #Python #javascript #Proâ€¦"
133,_reactdev,"RT @prodigies_hub1: Get online class homework exam help 
Physics
#essayhelp
English
#essaypay
Maths
#Essaydue
Chem
#assignments
Nursing
#asâ€¦"
134,_reactdev,"RT @SmritiRastogi7: Inspired by a lot of fellow developers , I am planning to start my 100 days of code today. #100daysofcoding #react #Javâ€¦"
135,prodigies_hub1,"Get online class homework exam help 
Physics
#essayhelp
English
#essaypay
Maths
#Essaydue
Chem
#assignments
Nursing
#assignment 
Economics
#javascript .
Algebra
#Hw due.
#homeworkslave
#Psychology
Accounting
#Quiz

#USA #Canada #Australia #England #UK #France #Spain #switzerland"
136,yvonnetugues,"RT @midudev: Juegos para APRENDER a PROGRAMAR:

Python â†’ https://t.co/PKyTuT6WDM
JavaScript â†’ https://t.co/39fpTRabAO
SQL â†’ https://t.co/BIâ€¦"
137,TCYqNOIjlFp8FaM,"æœ¬æ—¥ã®ä½œæ¥­
 ãƒ»javascript
 ãƒ»Vue2
ãƒ»ã‚¸ãƒ 
ã‚¹ã‚­ãƒ«ä¸è¶³æ„ŸãŒã‚„ã°ã„ï¼
ä¸å®‰ã«ãªã£ã¦ã‚‚ã—ã‹ãªã„ã‚“ã§ã€ãªã„ã‚‚ã®ã¯ãªã„ã¨é–‹ãç›´ã£ã¦ï¼
æœæ´»é ‘å¼µã£ã¦ã„ã“ã†ã¨æ€ã„ã¾ã™ï¼
#æœæ´»
#é§†ã‘å‡ºã—ã‚¨ãƒ³ã‚¸ãƒ‹ã‚¢ã¨ã¤ãªãŒã‚ŠãŸã„
#ãƒ—ãƒ­ã‚°ãƒ©ãƒŸãƒ³ã‚°åˆå¿ƒè€…ã¨ç¹‹ãŒã‚ŠãŸã„"
138,bojobolaji88,"RT @swapnakpanda: 2000+ Interview &amp; Practice Questions

    â  JavaScript
    â  React
    â  HTML
    â  CSS
    â  SQL
    â  NoSQL
    ââ€¦"
139,council_cyber,"RT @AdamM55563945: 3 step blueprint click here
https://t.co/PbMXA0lhNB
#Data #Bigdata #Skills #Business #Analytics #Python #javascript #Proâ€¦"
140,pedromonad,#debug #javascript #devtools https://t.co/H1yJxC63XY
141,BuilderBatch,"RT @shaikmoin80: MLOps is equally important for data science folks as statistics are these days.
#BigData #Analytics #DataScience #AI #Machâ€¦"
142,pythonalways,"RT @NehaAktar12: Buy Verified PayPal Accounts - Business &amp; Personal PayPal.
https://t.co/vioZoUUWoN

#MachineLearning #DataScience #Pythonâ€¦"
143,AcademicsAplus,"RT @AcademicsAplus: Guaranteed A's in:
#Essays
Exams
#Sociology
#Thesis
Assignment
#Homework
#Stats
Term paper
#Research
PHYSICS
Chemistryâ€¦"
144,RomanaBezdekova,"#100DaysOfCode 
Continued with coding of HTML, CSS and JavaScript."
145,AcademicsAplus,"RT @AcademicsAplus: We are reliable to offer you A grade in your;
âœ“nursing
âœ“essays
âœ“chemistry
âœ“finance
âœ“physics
âœ“biology
âœ“physics
âœ“chemistrâ€¦"
146,rajeshhodl,"RT @PrasoonPratham: Don't waste your time.

2022 ends in 58 days, start learning Python and JavaScript.

There are many opportunities in arâ€¦"
147,AcademicsAplus,"RT @AcademicsAplus: Do you need help in;
#python
#homeworkdue
#chemistry
#Onlineclass
#Essaypay
#economics
#Statistics
#homework
#essaywritâ€¦"
148,kumamon10000,"RT @katerose_aoyama: å…ƒãƒãƒ³ã‚³ãƒ„ãƒ—ãƒ­ã‚°ãƒ©ãƒãƒ¼ã€‚ç´„15å¹´å‰ã€‚
ç¾åœ¨ã€ç„¡èƒ½å°‚æ¥­ä¸»å©¦ã¨ã„ã†ã‚¹ãƒšãƒƒã‚¯ğŸ˜­æ—¦é‚£ã«ã‚¿ã‚«ã£ã¦ç”Ÿãã¦ã¾ã™âœŒï¸ãƒ—ãƒ­ã‚°ãƒ©ãƒŸãƒ³ã‚°ã‚’å‹‰å¼·ã™ã‚‹ãªã‚‰HTMLã‹ã‚‰ã‚„ã‚Œã£ã¦ã„ã†ã®ã¯ãƒ›ãƒ³ãƒˆã€‚å¤§å­¦ã§ã¯BASICã—ã‹ç¿’ã„ã¾ã›ã‚“ã§ã—ãŸãŒJavaã‚‚JavaScriptã‚‚â€¦"
149,UbaldoSandoval_,"RT @midudev: Juegos para APRENDER a PROGRAMAR:

Python â†’ https://t.co/PKyTuT6WDM
JavaScript â†’ https://t.co/39fpTRabAO
SQL â†’ https://t.co/BIâ€¦"
150,damilolaadenik7,"RT @swapnakpanda: 2000+ Interview &amp; Practice Questions

    â  JavaScript
    â  React
    â  HTML
    â  CSS
    â  SQL
    â  NoSQL
    ââ€¦"
151,IsaBelTo26,"RT @midudev: Juegos para APRENDER a PROGRAMAR:

Python â†’ https://t.co/PKyTuT6WDM
JavaScript â†’ https://t.co/39fpTRabAO
SQL â†’ https://t.co/BIâ€¦"
152,Prowrit72896426,"Need urgent help with your assignments due?
#Anatomy
#Psychology
#Homework due
#Biology.
#Microbiology
#Immunology
#Hematology
#Physiology
#Literature
#essay pay
#Maths
#finals
#Chemistry
#History
#Economics
#javascript
#Calculus
#Essay
#Thesis. https://t.co/cBGZgjxjNK"
153,JUANKAZUL10,"RT @midudev: Juegos para APRENDER a PROGRAMAR:

Python â†’ https://t.co/PKyTuT6WDM
JavaScript â†’ https://t.co/39fpTRabAO
SQL â†’ https://t.co/BIâ€¦"
154,ayubthe1,JavaScript will be the death of me.
155,dev__steve,"RT @dev__steve: JavaScript TIPğŸš€

Get unique values from an array like this:
1.Using Set Object
2.Filter Function https://t.co/rIVcmQSbBV"
156,erikvorhes,"RT @hackergem: Looks like I'm on the market for a new remote role!

I'm a Software Engineer (&lt; 1 year of experience). I was an 8x tech inteâ€¦"
157,JobSeekersClub,RT @UCouponsMe: [1000%OFF] Machine Learning- From https://t.co/Bn62KN8y08 #machinelearning #bigdata #analytics #datascience #ai #iot #iiotâ€¦
158,Simply_dayor,RT @nestinstitute_: We are excited to announce that The Nest Institute and Developers Institute are partnering to train Nigerian students oâ€¦
159,hubofml,"RT @Tanjilasmm: ğŸ’¡ List of some beginners level Python projects!

#Python #ProjectIdeas #DataScience #SQL #Cybersecurity #BigData #Analyticsâ€¦"
160,AnonDivinity,"RT @Tanjilasmm: ğŸ’¡ List of some beginners level Python projects!

#Python #ProjectIdeas #DataScience #SQL #Cybersecurity #BigData #Analyticsâ€¦"
161,rahul05ranjan,"RT @botdmtktwo: 900+ courses from...

https://t.co/6CogyvMLIi

#MachineLearning #Python #AI #100DaysOfCode #cloud #DEVCommunity
#IoT #fluttâ€¦"
162,ServerlessFan,"RT @botdmtktwo: 900+ courses from...

https://t.co/6CogyvMLIi

#MachineLearning #Python #AI #100DaysOfCode #cloud #DEVCommunity
#IoT #fluttâ€¦"
163,FrontEndLoveBot,"RT @echojobs_io: ğŸ¦Š Match Group is hiring Web Engineer  

ğŸŒ‡ Mexico City, Mexico, Mexico 
ğŸ’ª #Frontend #javascript #react #reactjs #angular #aâ€¦"
164,chrmonard,"RT @midudev: Juegos para APRENDER a PROGRAMAR:

Python â†’ https://t.co/PKyTuT6WDM
JavaScript â†’ https://t.co/39fpTRabAO
SQL â†’ https://t.co/BIâ€¦"
165,AdamM55563945,"RT @AdamM55563945: 3 step blueprint click here
https://t.co/PbMXA0lhNB
#Data #Bigdata #Skills #Business #Analytics #Python #javascript #Proâ€¦"
166,botdmtktwo,"900+ courses from...

https://t.co/6CogyvMLIi

#MachineLearning #Python #AI #100DaysOfCode #cloud #DEVCommunity
#IoT #flutter #javascript #Serverless #womenintech #cybersecurity #animation #35daysofcode
#RStats #CodeNewbie #fintech #Programming #Coding #procreate #painting"
167,FrontEndLoveBot,"RT @echojobs_io: âœ¨ Narmi is hiring Staff Software Engineer 

ğŸŒ‡ New York, NY 
ğŸ’ª #FullStack #javascript #python #django #react #reactjs 

#teâ€¦"
168,FrontEndLoveBot,"RT @echojobs_io: ğŸ¬ Dropbox is hiring Front End Product Software Engineer 

ğŸ›– #remote #wfh 
ğŸ’ª #Frontend #javascript #typescript #react #reacâ€¦"
169,unmasked75,"RT @PrasoonPratham: Don't waste your time.

2022 ends in 58 days, start learning Python and JavaScript.

There are many opportunities in arâ€¦"
170,ServerlessFan,"RT @Essays__Help: We are reliable to offer you A grade in your;
âœ“nursing
âœ“essays
âœ“chemistry
âœ“finance
âœ“physics
âœ“biology
âœ“physics
âœ“chemistryâ€¦"
171,whosehiringbot,"RT @echojobs_io: ğŸ¬ Dropbox is hiring Front End Product Software Engineer 

ğŸ›– #remote #wfh 
ğŸ’ª #Frontend #javascript #typescript #react #reacâ€¦"
172,whosehiringbot,"RT @echojobs_io: âœ¨ Narmi is hiring Staff Software Engineer 

ğŸŒ‡ New York, NY 
ğŸ’ª #FullStack #javascript #python #django #react #reactjs 

#teâ€¦"
173,whosehiringbot,"RT @echojobs_io: ğŸ”¥ Dropbox is hiring Senior Front End Product Software Engineer 

ğŸ›– #remote #wfh 
ğŸ’ª #Frontend #javascript #react #reactjs #â€¦"
174,FrontEndLoveBot,"RT @echojobs_io: ğŸ”¥ Dropbox is hiring Senior Front End Product Software Engineer 

ğŸ›– #remote #wfh 
ğŸ’ª #Frontend #javascript #react #reactjs #â€¦"
175,Essays__Help,"We are reliable to offer you A grade in your;
âœ“nursing
âœ“essays
âœ“chemistry
âœ“finance
âœ“physics
âœ“biology
âœ“physics
âœ“chemistry
âœ“algebra
âœ“calculus
âœ“essay pay
âœ“Assignment due

#100DaysOfCode
#WomenWhoCode
#javascript
#Python
#Serverless
#Asu #IoT
Hit our Bio for More info:) https://t.co/mcHdXkR0BN"
176,rahul05ranjan,"RT @AdamM55563945: 3 step blueprint click here
https://t.co/PbMXA0lhNB
#Data #Bigdata #Skills #Business #Analytics #Python #javascript #Proâ€¦"
177,Prowrit72896426,"Pay us to do or write your 
#Assignments 
#calculus 
#homework
#Homeworkhelp 
#summerclasses 
#Onlineclass 
#essayhelp 
#Essaydue 
#essaywrite 
#Essays
#Music
#Javascript
#Python
#Programming

#CodeNewbies 
#100daysofcode
#webdevelopment 
#Datascience.
DM.+15013812566 https://t.co/p7UwJtqZve"
178,hrkiii,ãƒ–ãƒ©ã‚¦ã‚¶è¨€èªã¯ã‚‚ã†JavaScriptã—ã‹å­˜åœ¨ã›ãšã€ä»–ã®è¨€èªã¯Wasmä¸Šã§ã®å®Ÿè£…ãŒå®Ÿç¾ã•ã‚Œã‚‹ã€ã¨ã„ã†ã“ã¨ã‹ã€‚ / .NET 7ã§ã¯WebAssemblyè£½.NETãƒ©ãƒ³ã‚¿ã‚¤ãƒ ã‚’å˜ç‹¬ã§åˆ©ç”¨å¯èƒ½ã«ã—ã€Webãƒ–ãƒ©ã‚¦ã‚¶ã‚„Node.jsãªã©ã§JavaScriptã‹ã‚‰.NETã‚’ç°¡å˜ã«å‘¼ã³å‡ºã›ã‚‹ã‚ˆã†ã« ï¼ Publickey https://t.co/KufHhKQSBP
179,AdamM55563945,"3 step blueprint click here
https://t.co/PbMXA0lhNB
#Data #Bigdata #Skills #Business #Analytics #Python #javascript #Programming #AI #VR #MachineLearning #innovation #coding #100DaysOfCode #flutter #Fintech #IoT #TensorFlow #twitme #womenintech #CyberSecurity #Cloud #NLP #Rstats https://t.co/PwAmp3bh7f"
180,sirimmanuel,"RT @swapnakpanda: 2000+ Interview &amp; Practice Questions

    â  JavaScript
    â  React
    â  HTML
    â  CSS
    â  SQL
    â  NoSQL
    ââ€¦"
181,Gamedevbot9000,"RT @Techblitblog: Catch a glimpse of some brands that were live at our #NoCodeFEST22. To mention but a few, Special thanks to:
@Homigon_ng,â€¦"
182,_OneMILLIE,"RT @swapnakpanda: 2000+ Interview &amp; Practice Questions

    â  JavaScript
    â  React
    â  HTML
    â  CSS
    â  SQL
    â  NoSQL
    ââ€¦"
183,1000dayscodingb,"RT @Techblitblog: Catch a glimpse of some brands that were live at our #NoCodeFEST22. To mention but a few, Special thanks to:
@Homigon_ng,â€¦"
184,NJB2BHAZELLC,"RT @ossia: I am so proud of Beau and Tomi. They knocked it out of the park with this course.

 ğŸ¥ Learn Full Stack Web Development ğŸ¥

In thiâ€¦"
185,Xd_aguantemessi,"RT @midudev: Juegos para APRENDER a PROGRAMAR:

Python â†’ https://t.co/PKyTuT6WDM
JavaScript â†’ https://t.co/39fpTRabAO
SQL â†’ https://t.co/BIâ€¦"
186,javascript_bot,throw errMsgã€€æ˜ç¤ºçš„ãªä¾‹å¤–ã®ç™ºç”Ÿ
187,ServerlessFan,"RT @Prowrit72896426: Hire PAPER WRITING SERVICES 
English
#essaypay
Math
Chem
#assignment due
Economics
#javascript
#Algebra
#homework
#Psyâ€¦"
188,_Jakashi,"RT @HakomTimeSeries: RT:Effect of #Cognitive #bias in Decision Making v/@sonu_monika
#AUTOMATION #digitalhealth #VR #web3 #Blockchain #Metaâ€¦"
189,c4d_official,"RT @ginacostag_: Resources to Get Free Datasets

#BigData #Analytics #DataScience #AI #MachineLearning #IoT #PyTorch #Python #RStats #Tensoâ€¦"
190,c4d_official,"RT @pointiago: âœ…Mint Open

This work is the result of my pleasant collaboration with @407Atelie

Project Name: Geometrical
on 
@fx_hash_

Eâ€¦"
191,Prowrit72896426,"Hire PAPER WRITING SERVICES 
English
#essaypay
Math
Chem
#assignment due
Economics
#javascript
#Algebra
#homework
#Psychology
#WomenWhoCode
#100DaysOfCode
#NodeJS
#Econometrics
#Python
#Usa
#DataScience
#Serverless
#CodeNewbie
#calculus.
Dm.+15013812566 https://t.co/Mv0kl7xIuZ"
192,c4d_official,RT @AdamM55563945: #ArtificialIntelligence #AI #ML #DataScience #DataScientists #CodeNewbies #Tech #deeplearning #CyberSecurity #Python #Coâ€¦
193,c4d_official,RT @jthecomputerguy: Data will talk to you if you are willing to listen #100DaysofCode #CyberAttack #MachineLearning #DataScience #SQL #Cybâ€¦
194,appthisway,RT @AdamM55563945: #ArtificialIntelligence #AI #ML #DataScience #DataScientists #CodeNewbies #Tech #deeplearning #CyberSecurity #Python #Coâ€¦
195,kaksatellite,"RT @ginacostag_: Resources to Get Free Datasets

#BigData #Analytics #DataScience #AI #MachineLearning #IoT #PyTorch #Python #RStats #Tensoâ€¦"
196,ulilokshin,RT @jthecomputerguy: Data will talk to you if you are willing to listen #100DaysofCode #CyberAttack #MachineLearning #DataScience #SQL #Cybâ€¦
197,pointiago,"RT @pointiago: âœ…Mint Open

This work is the result of my pleasant collaboration with @407Atelie

Project Name: Geometrical
on 
@fx_hash_

Eâ€¦"
198,kaksatellite,"RT @WestArt_Factory: Do you want to learn to code?
Don't miss this free opportunity!
#DataScience #Cybersecurity #BigData #Analytics #AI #Iâ€¦"
199,techfeedapp,"ã€TechFeedäººæ°—è¨˜äº‹ã€‘ã€ã‚¤ãƒ³ã‚¿ãƒ“ãƒ¥ãƒ¼ã€‘JavaScriptã®DLã‚’æœ€å°é™ã«æŠ‘ãˆã‚‹ã€Œã‚¢ã‚¤ãƒ©ãƒ³ãƒ‰ã‚¢ãƒ¼ã‚­ãƒ†ã‚¯ãƒãƒ£ã€ã®è©³ç´°ã‚’ã‚Šãƒï¼ leader22ã•ã‚“ã«èã„ã¦ã¿ãŸ!
https://t.co/tVPaHAGv3K

ãœã²ã”ä¸€èª­ã¨ã‚·ã‚§ã‚¢ã‚’ãŠé¡˜ã„ã—ã¾ã™ã€‚"
200,datasciencebot_,"RT @AdamM55563945: #worksmarter #notharder click here https://t.co/PbMXA0lhNB
#DALS12 #PSG
#Quebec #Annecy_live #RobloxDev #SciComm #Prograâ€¦"
201,ruggi88,"RT @midudev: Juegos para APRENDER a PROGRAMAR:

Python â†’ https://t.co/PKyTuT6WDM
JavaScript â†’ https://t.co/39fpTRabAO
SQL â†’ https://t.co/BIâ€¦"
202,Taffakuur,"RT @BDAnalyticsnews: Algorithms in Decision making

#ArtificialIntelligence #AI #ML #DataScience #DataScientists #CodeNewbies #Tech #deepleâ€¦"
203,JulianBoateng_,@keyur_bhojani @RahulBagal3002 @PrasoonPratham Get yourself a good laptop start with Basic tutorials on HTML and Css learn JavaScript and add a frame work of your choice say React there are tons of tutorials YouTube as well ..try joining groups or community with the same purpose as you Have a great day
204,AdmiralDock,No JavaScript whatsoever
205,ljzerpa,"RT @midudev: Juegos para APRENDER a PROGRAMAR:

Python â†’ https://t.co/PKyTuT6WDM
JavaScript â†’ https://t.co/39fpTRabAO
SQL â†’ https://t.co/BIâ€¦"
206,rahul05ranjan,"RT @echojobs_io: ğŸ¦Š Match Group is hiring Web Engineer  

ğŸŒ‡ Mexico City, Mexico, Mexico 
ğŸ’ª #Frontend #javascript #react #reactjs #angular #aâ€¦"
207,rahul05ranjan,"RT @echojobs_io: âœ¨ Narmi is hiring Staff Software Engineer 

ğŸŒ‡ New York, NY 
ğŸ’ª #FullStack #javascript #python #django #react #reactjs 

#teâ€¦"
208,apxschool,"Â¿Ya vieron el desafÃ­o del mÃ³dulo 10 de Walter? https://t.co/cUgog05Pcd ğŸ‘ğŸ¼ğŸ‘ğŸ¼ğŸ‘ğŸ¼ Â¡QuedÃ³ zarpado! 

Les dejo el perfÃ­l de Walter https://t.co/OwEY99OZzM asÃ­ ven sus otros trabajos ğŸš€

https://t.co/NjCkjJfprt ğŸ’›

#progamacion #webdevelopment #javascript #apx #altolaburo"
209,rahul05ranjan,"RT @echojobs_io: ğŸ¬ Dropbox is hiring Front End Product Software Engineer 

ğŸ›– #remote #wfh 
ğŸ’ª #Frontend #javascript #typescript #react #reacâ€¦"
210,rahul05ranjan,"RT @echojobs_io: ğŸ”¥ Dropbox is hiring Senior Front End Product Software Engineer 

ğŸ›– #remote #wfh 
ğŸ’ª #Frontend #javascript #react #reactjs #â€¦"
211,rahul05ranjan,"RT @echojobs_io: âœ¨ Expensify is hiring Mobile Full Stack Engineer 

ğŸ›– #remote #wfh 
ğŸ’ª #FullStack #javascript #android #react #reactjs #phpâ€¦"
212,echojobs_io,"ğŸ¦Š Match Group is hiring Web Engineer  

ğŸŒ‡ Mexico City, Mexico, Mexico 
ğŸ’ª #Frontend #javascript #react #reactjs #angular #api 

#tech #softwareengineer #jobs 
https://t.co/HozUb8wWsr"
213,echojobs_io,"âœ¨ Narmi is hiring Staff Software Engineer 

ğŸŒ‡ New York, NY 
ğŸ’ª #FullStack #javascript #python #django #react #reactjs 

#tech #softwareengineer #jobs 
https://t.co/Y2LAnJ6u6v"
214,pytwt3,"RT @edgardorojasdev: ğŸ“‹JavaScript Best Practices
ğŸ”¹Declare Objects and Arrays with const
âœ…Declaring objects with const will prevent any accidâ€¦"
215,version1lab,"ä¸‰é …æ¼”ç®—å­

ifæ¼”ç®—å­ã®æ¡ä»¶ã‚’ï¼‘è¡Œã§æ›¸ã‘ã‚‹ä¾¿åˆ©æ¼”ç®—å­ã€‚
JavaScriptã§ã¯ã€Œ?ã€ã¨ã€Œ:ã€ã‚’ä½¿ã£ã¦ã€ã€ŒisCat ? 'Yes, it is.' : 'No, it isn't.'ã€ãªã©ã¨æ›¸ã‘ã‚‹ã€‚

#ãƒ—ãƒ­ã‚°ãƒ©ãƒŸãƒ³ã‚°
#ãƒ—ãƒ­ã‚°ãƒ©ãƒŸãƒ³ã‚°ç”¨èª
#ãƒ—ãƒ­ã‚°ãƒ©ãƒŸãƒ³ã‚°å­¦ç¿’"
216,alljstweet,"RT @AdamM55563945: #worksmarter #notharder click here https://t.co/PbMXA0lhNB
#DALS12 #PSG
#Quebec #Annecy_live #RobloxDev #SciComm #Prograâ€¦"
217,echojobs_io,"ğŸ¬ Dropbox is hiring Front End Product Software Engineer 

ğŸ›– #remote #wfh 
ğŸ’ª #Frontend #javascript #typescript #react #reactjs #angular 

#tech #softwareengineer #jobs 
https://t.co/MQoILcKbly"
218,echojobs_io,"ğŸ”¥ Dropbox is hiring Senior Front End Product Software Engineer 

ğŸ›– #remote #wfh 
ğŸ’ª #Frontend #javascript #react #reactjs #angular #typescript 

#tech #softwareengineer #jobs 
https://t.co/wHYG0iT63D"
219,QuebecRetweet,"RT @AdamM55563945: #worksmarter #notharder click here https://t.co/PbMXA0lhNB
#DALS12 #PSG
#Quebec #Annecy_live #RobloxDev #SciComm #Prograâ€¦"
220,YannBrds,RT @YannBrds: When is the first time you heard of JavaScript?
221,Calcaware,"RT @AdamM55563945: #worksmarter #notharder click here https://t.co/PbMXA0lhNB
#DALS12 #PSG
#Quebec #Annecy_live #RobloxDev #SciComm #Prograâ€¦"
222,echojobs_io,"âœ¨ Expensify is hiring Mobile Full Stack Engineer 

ğŸ›– #remote #wfh 
ğŸ’ª #FullStack #javascript #android #react #reactjs #php 

#tech #softwareengineer #jobs 
https://t.co/NRrf6lC1Kc"
223,pronichi,"æœåˆŠã‚’ãŠå±Šã‘ï¼ãƒ—ãƒ­ãƒ‹ãƒæ¯æ™‚æ›´æ–°ä¸­
2022å¹´11æœˆ05æ—¥ åœŸæ›œæ—¥ JavaScriptæ–°è
#JavaScript #React
https://t.co/vQKbVZ1RdK"
224,AdamM55563945,"RT @AdamM55563945: #worksmarter #notharder click here https://t.co/PbMXA0lhNB
#DALS12 #PSG
#Quebec #Annecy_live #RobloxDev #SciComm #Prograâ€¦"
225,bbugs_100daybot,"RT @edgardorojasdev: ğŸ“‹JavaScript Best Practices
ğŸ”¹Declare Objects and Arrays with const
âœ…Declaring objects with const will prevent any accidâ€¦"
226,RBXRetweetBot,"RT @AdamM55563945: #worksmarter #notharder click here https://t.co/PbMXA0lhNB
#DALS12 #PSG
#Quebec #Annecy_live #RobloxDev #SciComm #Prograâ€¦"
227,pauuliita24,"RT @midudev: Juegos para APRENDER a PROGRAMAR:

Python â†’ https://t.co/PKyTuT6WDM
JavaScript â†’ https://t.co/39fpTRabAO
SQL â†’ https://t.co/BIâ€¦"
228,PythonBot_By_PM,"RT @AdamM55563945: #worksmarter #notharder click here https://t.co/PbMXA0lhNB
#DALS12 #PSG
#Quebec #Annecy_live #RobloxDev #SciComm #Prograâ€¦"
229,rahul05ranjan,"RT @AdamM55563945: #worksmarter #notharder click here https://t.co/PbMXA0lhNB
#DALS12 #PSG
#Quebec #Annecy_live #RobloxDev #SciComm #Prograâ€¦"
230,legionjames2,"@RedyfXbl @MentorWebDev Sams Teach yourself html, css and Javascript.

The book is free you can look it up on pdfdrive"
231,AdamM55563945,"#worksmarter #notharder click here https://t.co/PbMXA0lhNB
#DALS12 #PSG
#Quebec #Annecy_live #RobloxDev #SciComm #Programming #Tech #coding #DataScience #Ecology #SDGs #Programming #iot #100DaysofCode #JavaScript #Python #TensorFlow #Linux #RStats #Coding #Web3 #5G #Blockchain #D https://t.co/78UDsjcM45"
232,GGGThreepwood,"RT @swapnakpanda: 2000+ Interview &amp; Practice Questions

    â  JavaScript
    â  React
    â  HTML
    â  CSS
    â  SQL
    â  NoSQL
    ââ€¦"
233,PythonBot_By_PM,"RT @edgardorojasdev: ğŸ“‹JavaScript Best Practices
ğŸ”¹Declare Objects and Arrays with const
âœ…Declaring objects with const will prevent any accidâ€¦"
234,hsOpenMind,"RT @Nihilisme10: My new fav tweet:

APIs Tutorial for Beginners - What, Why and How to Use an API? #api #webdev #python #javascript #web #wâ€¦"
235,_go47,"RT @edgardorojasdev: ğŸ“‹JavaScript Best Practices
ğŸ”¹Declare Objects and Arrays with const
âœ…Declaring objects with const will prevent any accidâ€¦"
236,rahul05ranjan,"RT @edgardorojasdev: ğŸ“‹JavaScript Best Practices
ğŸ”¹Declare Objects and Arrays with const
âœ…Declaring objects with const will prevent any accidâ€¦"
237,edgardorojasdev,"ğŸ“‹JavaScript Best Practices
ğŸ”¹Declare Objects and Arrays with const
âœ…Declaring objects with const will prevent any accidental change of type
Day 44 of #100DaysOfCode #100DaysOfCoding #programming #goals #alwayslearning #webdevelopment #javascript"
238,maaadddddyyy,"RT @swapnakpanda: 2000+ Interview &amp; Practice Questions

    â  JavaScript
    â  React
    â  HTML
    â  CSS
    â  SQL
    â  NoSQL
    ââ€¦"
239,_Jakashi,RT @jthecomputerguy: If you torture data long enough it will confess ğŸ¤—#100DaysofCode #CyberAttack #MachineLearning #DataScience #SQL #Cyberâ€¦
240,Pauli_MPerez,"RT @midudev: Juegos para APRENDER a PROGRAMAR:

Python â†’ https://t.co/PKyTuT6WDM
JavaScript â†’ https://t.co/39fpTRabAO
SQL â†’ https://t.co/BIâ€¦"
241,hubofml,"RT @BDAnalyticsnews: AI in healthcare

#ArtificialIntelligence #AI #ML #DataScience #DataScientists #CodeNewbies #Tech #deeplearning #Cyberâ€¦"
242,PythonBot_By_PM,"RT @BDAnalyticsnews: AI in healthcare

#ArtificialIntelligence #AI #ML #DataScience #DataScientists #CodeNewbies #Tech #deeplearning #Cyberâ€¦"
243,AA_AIHealthCare,"RT @BDAnalyticsnews: AI in healthcare

#ArtificialIntelligence #AI #ML #DataScience #DataScientists #CodeNewbies #Tech #deeplearning #Cyberâ€¦"
244,ejuarezs15,"RT @midudev: Juegos para APRENDER a PROGRAMAR:

Python â†’ https://t.co/PKyTuT6WDM
JavaScript â†’ https://t.co/39fpTRabAO
SQL â†’ https://t.co/BIâ€¦"
245,rahul05ranjan,"RT @DigiDeals_tech: NBCUniversal CEO Jeff Shell Touts Progress of Peacock Despite Stall in Subscriptions: â€˜We Are Doing Really, Really Wellâ€¦"
246,PsyKopath_Molvi,"RT @personalvipin: Javascript free courses for beginners ğŸš€

ğŸ‘‡ğŸ§µ"
247,eldred57c,"Introduction to JavaScript Object Notation: A To-the-Point Guide to JSON O2OLE0W

https://t.co/EG7fl2HXtz"
248,DigiDeals_tech,"NBCUniversal CEO Jeff Shell Touts Progress of Peacock Despite Stall in Subscriptions: â€˜We Are Doing Really, Really Wellâ€™ (Video)

Read More ğŸ‘‰ : https://t.co/rKFOvWOSVK

#programming #developer #tips #coding #java #javascript"
249,monodelfuturo,"@Erick_JacobC Claro que es posible. Depende el objetivo, serÃ¡ la estrategia. Si quieres aprender de verdad, estudia los 4 aÃ±os de una carrera formal. Si quieres desarrollar apps y sitios web con JavaScript, con un par de bootcamps la armas."
250,k_rtl4,"Going to read Practical Modern JavaScript! ğŸ“™
It covers ES6 and several ECMAScript proposals
https://t.co/s1rrzfDq1j https://t.co/9UsiPIMciu"
251,PythonBot_By_PM,RT @DRICHDOTCOM: #webdevelopment #webdesign #webdeveloper #html #website #css #digitalmarketing #coding #programming #javascript #seo #websâ€¦
252,DRICHDOTCOM,#webdevelopment #webdesign #webdeveloper #html #website #css #digitalmarketing #coding #programming #javascript #seo #websitedesign #webdesigner #developer #programmer #web #marketing #wordpress #python #ecommerce #coder #design #software #code #php #softwaredeveloper #java
253,AdamM55563945,"RT @AdamM55563945: Click https://t.co/PbMXA0lhNB
#Python #IoT #IIoT #PyTorch #Ad #JavaScript #ReactJS #WordPress #Security #DeFi #100DaysOfâ€¦"
254,PythonBot_By_PM,"RT @AdamM55563945: Click https://t.co/PbMXA0lhNB
#Python #IoT #IIoT #PyTorch #Ad #JavaScript #ReactJS #WordPress #Security #DeFi #100DaysOfâ€¦"
255,AdamM55563945,"Click https://t.co/PbMXA0lhNB
#Python #IoT #IIoT #PyTorch #Ad #JavaScript #ReactJS #WordPress #Security #DeFi #100DaysOfCode 
#trendingkiiara #CSS #SQL #DeFi 
@KIIARA #fintech #insurtech #AI #finserv #TEACHers #TensorFlow
#DevOps #NFT #Flutter #HTML #Azure #Cloud #Node #Roblox #C https://t.co/6Xmq454FO6"
256,emcs1974,"RT @GamingOnAvax: Are you a game developer who has struggled to answer the question of, ""How do I deploy a game on the blockchain?"".

Luckyâ€¦"
257,BolhaDevs,"RT @mirairama: programar deveria ser considerado como ato de masoquismo 

passei a tarde toda sofrendo para fazer o jogo da cobrinha em javâ€¦"
258,mono_lttle_ngth,"Bir yazÄ±lÄ±mcÄ± twiti beÄŸendim diye html css javascript(%30) Ã¶ÄŸrendim, Js'den sonra ios eÄŸlenceli geliyor ama zorlar mi acaba...YazÄ±lÄ±mcÄ±lar da bilgi paylaÅŸmak konusunda Ã§ok cÃ¶mertti, teÅŸekkÃ¼rler"
259,dev_abba,"RT @dev_maims: Day 2
#30Daysofcode
So today I learned how to create a clock and add the hour, minutes, seconds and to make it rotate
Usingâ€¦"
260,emcs1974,"RT @Avalanche_pt: VocÃª Ã© um desenvolvedor de jogos que se esforÃ§ou para responder Ã  pergunta ""Como faÃ§o para implantar um jogo no blockchaiâ€¦"
261,CK1london,"@andrewhoyer @bojcodes No code is just html css and JavaScript. Once you export, you have full control over that code. Even if the platform you are using, like Webflow were to go bust. The code is yours. Bubble is the only platform that requires you to use their platform for your code to work."
262,Yayasexo,"RT @mirairama: programar deveria ser considerado como ato de masoquismo 

passei a tarde toda sofrendo para fazer o jogo da cobrinha em javâ€¦"
263,moddabletech,"The Moddable SDK now works with the newest hardware from @M5Stack: the M5StickC PLUS! Thank you to our community members @Zakkiea and @stc1988 for taking the initiative to bring standard, modern JavaScript to this latest ESP32-powered device. https://t.co/sr0soGXurs"
264,Avalanche_pt,"RT @GamingOnAvax: Are you a game developer who has struggled to answer the question of, ""How do I deploy a game on the blockchain?"".

Luckyâ€¦"
265,webpart_o_matic,"Your next SharePoint Framework #spfx Web Part should be called the
 JavaScript seamless target web part ."
266,mirairama,"programar deveria ser considerado como ato de masoquismo 

passei a tarde toda sofrendo para fazer o jogo da cobrinha em javascript"
267,PsyKopath_Molvi,"RT @swapnakpanda: 2000+ Interview &amp; Practice Questions

    â  JavaScript
    â  React
    â  HTML
    â  CSS
    â  SQL
    â  NoSQL
    ââ€¦"
268,ali_basit19,"RT @theCloud_ia: Day 4 of #100DaysOfCode

Practiced some more of JavaScript RegEx + spent way too much time on @Reddit ğŸ˜¬

#CodeNewbie #javaâ€¦"
269,bbugs_100daybot,"RT @theCloud_ia: Day 4 of #100DaysOfCode

Practiced some more of JavaScript RegEx + spent way too much time on @Reddit ğŸ˜¬

#CodeNewbie #javaâ€¦"
270,colonel_sasco,"RT @Kelvinmwendwa__: 6 months ago I got into @moringaschool with no prior coding experience at all. Got to learn Javascript, ReactJs &amp; Rubyâ€¦"
271,TeddyBearIsABot,"RT @theCloud_ia: Day 4 of #100DaysOfCode

Practiced some more of JavaScript RegEx + spent way too much time on @Reddit ğŸ˜¬

#CodeNewbie #javaâ€¦"
272,paiza_official,"ãƒ–ãƒ­ã‚°è¨˜äº‹ã®ã”ç´¹ä»‹ã§ã™(ãƒ»vãƒ»)ãƒ
JavaScriptã‚’å®Œå…¨ç„¡æ–™ã§å­¦ç¿’ã§ãã‚‹æœ€å¼·ã®å³é¸ã‚³ãƒ³ãƒ†ãƒ³ãƒ„ã‚’å¤§å…¬é–‹ï¼ - paizaé–‹ç™ºæ—¥èªŒ https://t.co/IH7fB6lFJH"
273,AdamM55563945,"RT @AdamM55563945: Click here https://t.co/PbMXA0CkPB
#GitHub #Python #BlackTechTwitter #ArtificialIntelligence #RStats #React 
#100DaysOfCâ€¦"
274,PaulaRc717,"RT @midudev: Juegos para APRENDER a PROGRAMAR:

Python â†’ https://t.co/PKyTuT6WDM
JavaScript â†’ https://t.co/39fpTRabAO
SQL â†’ https://t.co/BIâ€¦"
275,rahul05ranjan,"RT @AdamM55563945: Click here https://t.co/PbMXA0CkPB
#GitHub #Python #BlackTechTwitter #ArtificialIntelligence #RStats #React 
#100DaysOfCâ€¦"
276,pytwt3,"RT @theCloud_ia: Day 4 of #100DaysOfCode

Practiced some more of JavaScript RegEx + spent way too much time on @Reddit ğŸ˜¬

#CodeNewbie #javaâ€¦"
277,ServerlessFan,"RT @AdamM55563945: Click here https://t.co/PbMXA0CkPB
#GitHub #Python #BlackTechTwitter #ArtificialIntelligence #RStats #React 
#100DaysOfCâ€¦"
278,PythonBot_By_PM,"RT @AdamM55563945: Click here https://t.co/PbMXA0CkPB
#GitHub #Python #BlackTechTwitter #ArtificialIntelligence #RStats #React 
#100DaysOfCâ€¦"
279,_Jakashi,"RT @Stanleyhacks2: Inbox me for any hacking services
Available 24/7
#instagram #USA #Hacked #hackedaccount
#javascript #Java #Python #NodeJâ€¦"
280,AdamM55563945,"Click here https://t.co/PbMXA0CkPB
#GitHub #Python #BlackTechTwitter #ArtificialIntelligence #RStats #React 
#100DaysOfCode #datascience #Ad #ADA #codenewbie #DeFi #golang #machinelearning #DEVCommunity #Serverless #flutter #a11y #Cloud
#javascript #BigData #Angular #programming https://t.co/4gj2Z2Bw4d"
281,franjavitl06,"RT @gp_pulipaka: Difference Between Artificial Intelligence, #MachineLearning, #DeepLearning, and #DataScience. #BigData #Analytics #DataScâ€¦"
282,DuMeBee3,"RT @PrasoonPratham: Don't waste your time.

2022 ends in 58 days, start learning Python and JavaScript.

There are many opportunities in arâ€¦"
283,1joemallette,RT @kadena_io: The Kadena.js team has worked hard and created a library that allows #Javascript / Typescript users to easily interact withâ€¦
284,LebotPython,"RT @theCloud_ia: Day 4 of #100DaysOfCode

Practiced some more of JavaScript RegEx + spent way too much time on @Reddit ğŸ˜¬

#CodeNewbie #javaâ€¦"
285,100xcode,"RT @theCloud_ia: Day 4 of #100DaysOfCode

Practiced some more of JavaScript RegEx + spent way too much time on @Reddit ğŸ˜¬

#CodeNewbie #javaâ€¦"
286,PythonBot_By_PM,"RT @NehaAktar12: Buy Verified PayPal Accounts - Business &amp; Personal PayPal.
https://t.co/vioZoVd5CV

#MachineLearning #DataScience #Pythonâ€¦"
287,_go47,"RT @theCloud_ia: Day 4 of #100DaysOfCode

Practiced some more of JavaScript RegEx + spent way too much time on @Reddit ğŸ˜¬

#CodeNewbie #javaâ€¦"
288,PythonBot_By_PM,"RT @theCloud_ia: Day 4 of #100DaysOfCode

Practiced some more of JavaScript RegEx + spent way too much time on @Reddit ğŸ˜¬

#CodeNewbie #javaâ€¦"
289,theCloud_ia,"Day 4 of #100DaysOfCode

Practiced some more of JavaScript RegEx + spent way too much time on @Reddit ğŸ˜¬

#CodeNewbie #javascript"
290,PythonBot_By_PM,"RT @Proffesor_queen: Hire me help you get A's in your essays.
pay someone write
#Physics.
#essayhelp.
#English.
#essaypay.
#Maths.
#Essayduâ€¦"
291,datasciencebot_,"RT @NehaAktar12: Buy Verified PayPal Accounts - Business &amp; Personal PayPal.
https://t.co/vioZoVd5CV

#MachineLearning #DataScience #Pythonâ€¦"
292,first_issues,leb128 and endianness https://t.co/0Eo3Z66nX4 #github #JavaScript #WebAssembly
293,katakurikodot,"è½ä¸‹ã•ã›ã¦é€£é–ã•ã›ãŸã„ãŒãªã‹ãªã‹é›£ã—ã„ã€‚
ã“ã“ã¾ã§ãã‚‹ã¨javascriptã§ãƒ—ãƒ­ã‚°ãƒ©ãƒ ã—ãªã„ã¨é›£ã—ã„ã‹ã‚‚ã—ã‚Œãªã„ãƒ»ãƒ»ãƒ»
#GDevelop #gamedev #Puzzle https://t.co/pHKGbAZgaT"
294,Proffesor_queen,"Hire me help you get A's in your essays.
pay someone write
#Physics.
#essayhelp.
#English.
#essaypay.
#Maths.
#Essaydue.
#Chem.
#Nursing.
#assignment due.
#Economics.
#javascript.
#Algebra.
#Hw due.
#homeworks.
#Psychology
#Python."
295,rahul05ranjan,"RT @botdmtktwo: 900+ Courses from $9,99

&gt;&gt;&gt; https://t.co/6CogyvMLIi

#BigData #Analytics #DataScience #AI #MachineLearning #IIoT #Python #â€¦"
296,ServerlessFan,"RT @botdmtktwo: 900+ Courses from $9,99

&gt;&gt;&gt; https://t.co/6CogyvMLIi

#BigData #Analytics #DataScience #AI #MachineLearning #IIoT #Python #â€¦"
297,botdmtktwo,"900+ Courses from $9,99

&gt;&gt;&gt; https://t.co/6CogyvMLIi

#BigData #Analytics #DataScience #AI #MachineLearning #IIoT #Python #RStats #TensorFlow #Java #JavaScript #ReactJS #CloudComputing #Serverless #DataScientist #Linux #Programming #Coding #100DaysofCode #100daysofcodechallenge"
298,chentao3660170,"RT @tualatrix: è¿™æœ¬ã€Šæ•°æ®å¯†é›†å‹åº”ç”¨ç³»ç»Ÿè®¾è®¡ã€‹ä¹°äº†å¾ˆä¹…ï¼Œå’Œå¾ˆå¤šä¹¦ä¸€æ ·ï¼Œçœ‹äº†ä¸ªã€Œå‰è¨€ã€å°±è¢«æˆ‘æ”¾ä¸€è¾¹å»äº†ã€‚

ä»Šå¤©è€å¿ƒçœ‹å®Œäº†ç¬¬ä¸€ç« ï¼ŒçœŸä¸é”™ã€‚ä½œè€…å¾ªåºæ¸è¿›å¨“å¨“é“æ¥ï¼Œä¸ä»…ä¼šè°ˆå¤§çš„æ¦‚å¿µï¼Œä¹Ÿä¼šä»å…·ä½“é—®é¢˜ç€æ‰‹ï¼Œæ‹¿äº† Twitter çš„æ—¶é—´çº¿åšä¾‹å­ï¼Œè¿˜ä¼šç”¨ JavaScriptâ€¦"
299,Gigas_alex,"RT @midudev: Juegos para APRENDER a PROGRAMAR:

Python â†’ https://t.co/PKyTuT6WDM
JavaScript â†’ https://t.co/39fpTRabAO
SQL â†’ https://t.co/BIâ€¦"
